#! /c/Source/iverilog-install/bin/vvp
:ivl_version "12.0 (devel)" "(s20150603-1539-g2693dd32b)";
:ivl_delay_selection "TYPICAL";
:vpi_time_precision + 0;
:vpi_module "C:\iverilog\lib\ivl\system.vpi";
:vpi_module "C:\iverilog\lib\ivl\vhdl_sys.vpi";
:vpi_module "C:\iverilog\lib\ivl\vhdl_textio.vpi";
:vpi_module "C:\iverilog\lib\ivl\v2005_math.vpi";
:vpi_module "C:\iverilog\lib\ivl\va_math.vpi";
S_0000020adb9cbad0 .scope module, "seven_seg" "seven_seg" 2 1;
 .timescale 0 0;
    .port_info 0 /INPUT 1 "clk_100mhz";
    .port_info 1 /INPUT 1 "reset";
    .port_info 2 /OUTPUT 4 "Anode_Activate";
    .port_info 3 /OUTPUT 7 "LED_out";
v0000020adbb6f070_0 .var "Anode_Activate", 3 0;
v0000020adbb6f1b0_0 .var "LED_BCD", 3 0;
v0000020adbb6f250_0 .net "LED_activating_counter", 1 0, L_0000020adbb7c980;  1 drivers
v0000020adbb6f2f0_0 .var "LED_out", 6 0;
o0000020adbb1cb08 .functor BUFZ 1, C4<z>; HiZ drive
v0000020adbb6e7b0_0 .net "clk_100mhz", 0 0, o0000020adbb1cb08;  0 drivers
v0000020adbb6f390_0 .var "clk_1hz", 0 0;
v0000020adbb6fa70_0 .var "count", 31 0;
v0000020adbb6fb10_0 .var "displayed_number", 15 0;
v0000020adbb6ff70_0 .var "refresh_counter", 19 0;
o0000020adbb1b728 .functor BUFZ 1, C4<z>; HiZ drive
v0000020adbb70010_0 .net "reset", 0 0, o0000020adbb1b728;  0 drivers
v0000020adbb701f0_0 .net "result", 31 0, L_0000020adbb08000;  1 drivers
E_0000020adbafdfc0 .event anyedge, v0000020adbb6f1b0_0;
E_0000020adbafdd40 .event anyedge, v0000020adbb6f250_0, v0000020adbb6fb10_0;
E_0000020adbafe4c0 .event posedge, v0000020adbb6baf0_0, v0000020adbb6e7b0_0;
L_0000020adbb7c980 .part v0000020adbb6ff70_0, 18, 2;
S_0000020adba7b180 .scope module, "uut" "top_module" 2 21, 3 1 0, S_0000020adb9cbad0;
 .timescale 0 0;
    .port_info 0 /INPUT 1 "reset";
    .port_info 1 /INPUT 1 "clk";
    .port_info 2 /OUTPUT 32 "display_data";
v0000020adbb6e670_0 .net "ALUControl", 3 0, v0000020adbb04e20_0;  1 drivers
v0000020adbb6ea30_0 .net "ALUSrc", 0 0, v0000020adbb05d20_0;  1 drivers
v0000020adbb6edf0_0 .net "Branch", 0 0, v0000020adbb04f60_0;  1 drivers
v0000020adbb6fbb0_0 .net "Carry", 0 0, v0000020adbb6b0f0_0;  1 drivers
v0000020adbb6ec10_0 .net "DataAddr", 31 0, v0000020adbb6b7d0_0;  1 drivers
v0000020adbb6ead0_0 .net "ImmSrc", 2 0, v0000020adbb06900_0;  1 drivers
v0000020adbb6fc50_0 .net "Instr", 31 0, L_0000020adbb07580;  1 drivers
v0000020adbb6e5d0_0 .net "Jump", 0 0, v0000020adbb06360_0;  1 drivers
v0000020adbb6e710_0 .net "JumpReg", 0 0, v0000020adbb05140_0;  1 drivers
v0000020adbb6f890_0 .net "MemWrite", 0 0, v0000020adbb05460_0;  1 drivers
v0000020adbb6fcf0_0 .net "PC", 31 0, v0000020adbb6bf50_0;  1 drivers
v0000020adbb6ecb0_0 .net "PCSrc", 1 0, L_0000020adbb7df60;  1 drivers
v0000020adbb6ef30_0 .net "ReadData", 31 0, v0000020adbb6b410_0;  1 drivers
v0000020adbb6f930_0 .net "Referee", 0 0, v0000020adbb6c1d0_0;  1 drivers
o0000020adbb1a9a8 .functor BUFZ 1, C4<z>; HiZ drive
v0000020adbb6fe30_0 .net "RegSrc", 0 0, o0000020adbb1a9a8;  0 drivers
v0000020adbb6e490_0 .net "RegWrite", 0 0, v0000020adbb06400_0;  1 drivers
v0000020adbb6efd0_0 .net "ResultSrc", 1 0, v0000020adbb056e0_0;  1 drivers
v0000020adbb6f570_0 .net "WriteData", 31 0, L_0000020adbb07b30;  1 drivers
v0000020adbb6fd90_0 .net "Zero", 0 0, v0000020adbb6c270_0;  1 drivers
v0000020adbb6f6b0_0 .net "clk", 0 0, v0000020adbb6f390_0;  1 drivers
v0000020adbb6f430_0 .net "display_data", 31 0, L_0000020adbb08000;  alias, 1 drivers
v0000020adbb6f9d0_0 .net "reset", 0 0, o0000020adbb1b728;  alias, 0 drivers
S_0000020adba7b310 .scope module, "CP1" "controlpath" 3 22, 4 1 0, S_0000020adba7b180;
 .timescale 0 0;
    .port_info 0 /INPUT 1 "Zero";
    .port_info 1 /INPUT 1 "Carry";
    .port_info 2 /INPUT 1 "Referee";
    .port_info 3 /INPUT 32 "Instr";
    .port_info 4 /OUTPUT 1 "MemWrite";
    .port_info 5 /OUTPUT 1 "RegWrite";
    .port_info 6 /OUTPUT 1 "ALUSrc";
    .port_info 7 /OUTPUT 1 "RegSrc";
    .port_info 8 /OUTPUT 1 "Branch";
    .port_info 9 /OUTPUT 1 "Jump";
    .port_info 10 /OUTPUT 1 "JumpReg";
    .port_info 11 /OUTPUT 4 "ALUControl";
    .port_info 12 /OUTPUT 2 "ResultSrc";
    .port_info 13 /OUTPUT 2 "PCSrc";
    .port_info 14 /OUTPUT 3 "ImmSrc";
L_0000020adbb07c80 .functor BUFZ 1, v0000020adbb05460_0, C4<0>, C4<0>, C4<0>;
L_0000020adbb07510 .functor AND 1, v0000020adbb04f60_0, v0000020adbb05960_0, C4<1>, C4<1>;
L_0000020adbb07900 .functor OR 1, L_0000020adbb07510, v0000020adbb06360_0, C4<0>, C4<0>;
v0000020adbb05500_0 .net "ALUControl", 3 0, v0000020adbb04e20_0;  alias, 1 drivers
v0000020adbb055a0_0 .net "ALUOp", 1 0, v0000020adbb062c0_0;  1 drivers
v0000020adbb05780_0 .net "ALUSrc", 0 0, v0000020adbb05d20_0;  alias, 1 drivers
v0000020adbb05820_0 .net "Branch", 0 0, v0000020adbb04f60_0;  alias, 1 drivers
v0000020adbb058c0_0 .net "BranchTaken", 0 0, L_0000020adbb07900;  1 drivers
v0000020adbb05f00_0 .net "Carry", 0 0, v0000020adbb6b0f0_0;  alias, 1 drivers
v0000020adbb05960_0 .var "ConditionsMet", 0 0;
v0000020adbb06040_0 .net "ImmSrc", 2 0, v0000020adbb06900_0;  alias, 1 drivers
v0000020adbb05a00_0 .net "Instr", 31 0, L_0000020adbb07580;  alias, 1 drivers
v0000020adbb064a0_0 .net "Jump", 0 0, v0000020adbb06360_0;  alias, 1 drivers
v0000020adbb06540_0 .net "JumpReg", 0 0, v0000020adbb05140_0;  alias, 1 drivers
v0000020adbb065e0_0 .net "MemWrite", 0 0, v0000020adbb05460_0;  alias, 1 drivers
v0000020adbb04c40_0 .net "PCSrc", 1 0, L_0000020adbb7df60;  alias, 1 drivers
v0000020adbae00f0_0 .net "Referee", 0 0, v0000020adbb6c1d0_0;  alias, 1 drivers
v0000020adbae0230_0 .net "RegSrc", 0 0, o0000020adbb1a9a8;  alias, 0 drivers
v0000020adbae0f50_0 .net "RegWrite", 0 0, v0000020adbb06400_0;  alias, 1 drivers
v0000020adbae07d0_0 .net "ResultSrc", 1 0, v0000020adbb056e0_0;  alias, 1 drivers
v0000020adbae09b0_0 .net "WE", 0 0, L_0000020adbb07c80;  1 drivers
v0000020adbabfdc0_0 .net "Zero", 0 0, v0000020adbb6c270_0;  alias, 1 drivers
L_0000020adbb80678 .functor BUFT 1, C4<10>, C4<0>, C4<0>, C4<0>;
v0000020adbb6b050_0 .net/2u *"_ivl_10", 1 0, L_0000020adbb80678;  1 drivers
L_0000020adbb806c0 .functor BUFT 1, C4<01>, C4<0>, C4<0>, C4<0>;
v0000020adbb6b190_0 .net/2u *"_ivl_12", 1 0, L_0000020adbb806c0;  1 drivers
L_0000020adbb80708 .functor BUFT 1, C4<00>, C4<0>, C4<0>, C4<0>;
v0000020adbb6a8d0_0 .net/2u *"_ivl_14", 1 0, L_0000020adbb80708;  1 drivers
v0000020adbb6a5b0_0 .net *"_ivl_16", 1 0, L_0000020adbb7d7e0;  1 drivers
v0000020adbb6b230_0 .net *"_ivl_6", 0 0, L_0000020adbb07510;  1 drivers
v0000020adbb6a970_0 .net "funct3", 2 0, L_0000020adbb7e0a0;  1 drivers
E_0000020adbafe300 .event anyedge, v0000020adbb6a970_0, v0000020adbabfdc0_0, v0000020adbae00f0_0, v0000020adbb05f00_0;
L_0000020adbb7dc40 .part L_0000020adbb07580, 0, 7;
L_0000020adbb7e0a0 .part L_0000020adbb07580, 12, 3;
L_0000020adbb7d7e0 .functor MUXZ 2, L_0000020adbb80708, L_0000020adbb806c0, L_0000020adbb07900, C4<>;
L_0000020adbb7df60 .functor MUXZ 2, L_0000020adbb7d7e0, L_0000020adbb80678, v0000020adbb05140_0, C4<>;
L_0000020adbb7ebe0 .part L_0000020adbb07580, 12, 3;
L_0000020adbb7e1e0 .part L_0000020adbb07580, 30, 1;
L_0000020adbb7dce0 .part L_0000020adbb07580, 5, 1;
S_0000020adba6c160 .scope module, "AD1" "ALU_Decoder" 4 48, 5 1 0, S_0000020adba7b310;
 .timescale 0 0;
    .port_info 0 /INPUT 2 "ALUOp";
    .port_info 1 /INPUT 3 "funct3";
    .port_info 2 /INPUT 1 "funct7b5";
    .port_info 3 /INPUT 1 "opb5";
    .port_info 4 /OUTPUT 4 "ALUControl";
v0000020adbb04e20_0 .var "ALUControl", 3 0;
v0000020adbb05e60_0 .net "ALUOp", 1 0, v0000020adbb062c0_0;  alias, 1 drivers
v0000020adbb04ec0_0 .net "funct3", 2 0, L_0000020adbb7ebe0;  1 drivers
v0000020adbb06680_0 .net "funct7b5", 0 0, L_0000020adbb7e1e0;  1 drivers
v0000020adbb050a0_0 .net "opb5", 0 0, L_0000020adbb7dce0;  1 drivers
E_0000020adbaff000 .event anyedge, v0000020adbb050a0_0, v0000020adbb06680_0, v0000020adbb04ec0_0, v0000020adbb05e60_0;
S_0000020adba6c2f0 .scope module, "MD1" "Main_Decoder" 4 20, 6 1 0, S_0000020adba7b310;
 .timescale 0 0;
    .port_info 0 /INPUT 7 "op";
    .port_info 1 /OUTPUT 1 "RegWrite";
    .port_info 2 /OUTPUT 3 "ImmSrc";
    .port_info 3 /OUTPUT 1 "ALUSrc";
    .port_info 4 /OUTPUT 1 "MemWrite";
    .port_info 5 /OUTPUT 2 "ResultSrc";
    .port_info 6 /OUTPUT 1 "Branch";
    .port_info 7 /OUTPUT 2 "ALUOp";
    .port_info 8 /OUTPUT 1 "Jump";
    .port_info 9 /OUTPUT 1 "JumpReg";
v0000020adbb062c0_0 .var "ALUOp", 1 0;
v0000020adbb05d20_0 .var "ALUSrc", 0 0;
v0000020adbb04f60_0 .var "Branch", 0 0;
v0000020adbb06900_0 .var "ImmSrc", 2 0;
v0000020adbb06360_0 .var "Jump", 0 0;
v0000020adbb05140_0 .var "JumpReg", 0 0;
v0000020adbb05460_0 .var "MemWrite", 0 0;
v0000020adbb06400_0 .var "RegWrite", 0 0;
v0000020adbb056e0_0 .var "ResultSrc", 1 0;
v0000020adbb067c0_0 .net "op", 6 0, L_0000020adbb7dc40;  1 drivers
E_0000020adbaff100 .event anyedge, v0000020adbb067c0_0;
S_0000020adba40c30 .scope module, "DM1" "Data_Memory" 3 26, 7 1 0, S_0000020adba7b180;
 .timescale 0 0;
    .port_info 0 /INPUT 32 "A";
    .port_info 1 /INPUT 32 "WD";
    .port_info 2 /INPUT 1 "CLK";
    .port_info 3 /INPUT 1 "WE";
    .port_info 4 /INPUT 32 "Instr";
    .port_info 5 /OUTPUT 32 "RD";
L_0000020adbb07eb0 .functor BUFZ 32, L_0000020adbb7ea00, C4<00000000000000000000000000000000>, C4<00000000000000000000000000000000>, C4<00000000000000000000000000000000>;
v0000020adbb6aab0_0 .net "A", 31 0, v0000020adbb6b7d0_0;  alias, 1 drivers
v0000020adbb6ac90_0 .net "CLK", 0 0, v0000020adbb6f390_0;  alias, 1 drivers
v0000020adbb6ae70_0 .net "Instr", 31 0, L_0000020adbb07580;  alias, 1 drivers
v0000020adbb6b410_0 .var "RD", 31 0;
v0000020adbb6be10_0 .net "WD", 31 0, L_0000020adbb07b30;  alias, 1 drivers
v0000020adbb6bd70_0 .net "WE", 0 0, v0000020adbb05460_0;  alias, 1 drivers
v0000020adbb6bff0_0 .net *"_ivl_2", 31 0, L_0000020adbb7ea00;  1 drivers
v0000020adbb6b870_0 .net *"_ivl_5", 29 0, L_0000020adbb7eaa0;  1 drivers
v0000020adbb6a6f0_0 .net "funct3", 2 0, L_0000020adbb7e3c0;  1 drivers
v0000020adbb6c130 .array "mem", 63 0, 31 0;
v0000020adbb6a650_0 .net "offset", 1 0, L_0000020adbb7e460;  1 drivers
v0000020adbb6b5f0_0 .net "word_data", 31 0, L_0000020adbb07eb0;  1 drivers
E_0000020adbaff200 .event posedge, v0000020adbb6ac90_0;
E_0000020adbaff240 .event anyedge, v0000020adbb6a6f0_0, v0000020adbb6b5f0_0, v0000020adbb6a650_0;
L_0000020adbb7e3c0 .part L_0000020adbb07580, 12, 3;
L_0000020adbb7ea00 .array/port v0000020adbb6c130, L_0000020adbb7eaa0;
L_0000020adbb7eaa0 .part v0000020adbb6b7d0_0, 2, 30;
L_0000020adbb7e460 .part v0000020adbb6b7d0_0, 0, 2;
S_0000020adba40dc0 .scope module, "DP1" "datapath" 3 17, 8 1 0, S_0000020adba7b180;
 .timescale 0 0;
    .port_info 0 /INPUT 1 "RegWrite";
    .port_info 1 /INPUT 1 "ALUSrc";
    .port_info 2 /INPUT 1 "RegSrc";
    .port_info 3 /INPUT 2 "ResultSrc";
    .port_info 4 /INPUT 2 "PCSrc";
    .port_info 5 /INPUT 3 "ImmSrc";
    .port_info 6 /INPUT 4 "ALUControl";
    .port_info 7 /INPUT 1 "clk";
    .port_info 8 /INPUT 1 "reset";
    .port_info 9 /INPUT 32 "RD";
    .port_info 10 /INPUT 32 "Instr";
    .port_info 11 /OUTPUT 1 "Zero";
    .port_info 12 /OUTPUT 1 "Carry";
    .port_info 13 /OUTPUT 1 "Referee";
    .port_info 14 /OUTPUT 32 "PC";
    .port_info 15 /OUTPUT 32 "WD";
    .port_info 16 /OUTPUT 32 "ALUResult";
    .port_info 17 /OUTPUT 32 "display_data";
L_0000020adbb07b30 .functor BUFZ 32, L_0000020adbb7cde0, C4<00000000000000000000000000000000>, C4<00000000000000000000000000000000>, C4<00000000000000000000000000000000>;
v0000020adbb6d240_0 .net "ALUControl", 3 0, v0000020adbb04e20_0;  alias, 1 drivers
v0000020adbb6ca20_0 .net "ALUResult", 31 0, v0000020adbb6b7d0_0;  alias, 1 drivers
v0000020adbb6dc40_0 .net "ALUSrc", 0 0, v0000020adbb05d20_0;  alias, 1 drivers
v0000020adbb6d380_0 .net "B", 31 0, v0000020adbb6c090_0;  1 drivers
v0000020adbb6e0a0_0 .net "Carry", 0 0, v0000020adbb6b0f0_0;  alias, 1 drivers
v0000020adbb6cac0_0 .net "ImmExt", 31 0, v0000020adbb6c660_0;  1 drivers
v0000020adbb6da60_0 .net "ImmSrc", 2 0, v0000020adbb06900_0;  alias, 1 drivers
v0000020adbb6d880_0 .net "Instr", 31 0, L_0000020adbb07580;  alias, 1 drivers
v0000020adbb6d920_0 .net "PC", 31 0, v0000020adbb6bf50_0;  alias, 1 drivers
v0000020adbb6d9c0_0 .net "PCPlus4", 31 0, L_0000020adbb7c7a0;  1 drivers
v0000020adbb6dd80_0 .net "PCSrc", 1 0, L_0000020adbb7df60;  alias, 1 drivers
v0000020adbb6de20_0 .net "PCTarget", 31 0, L_0000020adbb7c660;  1 drivers
v0000020adbb6dec0_0 .net "PC_Next", 31 0, v0000020adbb6beb0_0;  1 drivers
v0000020adbb6e280_0 .net "RD", 31 0, v0000020adbb6b410_0;  alias, 1 drivers
v0000020adbb6c480_0 .net "RD1", 31 0, L_0000020adbb7d6a0;  1 drivers
v0000020adbb6f750_0 .net "RD2", 31 0, L_0000020adbb7cde0;  1 drivers
v0000020adbb6e990_0 .net "Referee", 0 0, v0000020adbb6c1d0_0;  alias, 1 drivers
v0000020adbb6ee90_0 .net "RegSrc", 0 0, o0000020adbb1a9a8;  alias, 0 drivers
v0000020adbb6eb70_0 .net "RegWrite", 0 0, v0000020adbb06400_0;  alias, 1 drivers
v0000020adbb6f7f0_0 .net "Result", 31 0, v0000020adbb6d100_0;  1 drivers
v0000020adbb6e850_0 .net "ResultSrc", 1 0, v0000020adbb056e0_0;  alias, 1 drivers
v0000020adbb6f610_0 .net "WD", 31 0, L_0000020adbb07b30;  alias, 1 drivers
v0000020adbb6e8f0_0 .net "Zero", 0 0, v0000020adbb6c270_0;  alias, 1 drivers
v0000020adbb70290_0 .net "clk", 0 0, v0000020adbb6f390_0;  alias, 1 drivers
v0000020adbb6f110_0 .net "display_data", 31 0, L_0000020adbb08000;  alias, 1 drivers
v0000020adbb6e530_0 .net "reset", 0 0, o0000020adbb1b728;  alias, 0 drivers
L_0000020adbb7d880 .part L_0000020adbb07580, 15, 5;
L_0000020adbb7d1a0 .part L_0000020adbb07580, 20, 5;
L_0000020adbb7c480 .part L_0000020adbb07580, 7, 5;
S_0000020adba27ed0 .scope module, "ALM" "ALU_Mux" 8 48, 9 1 0, S_0000020adba40dc0;
 .timescale 0 0;
    .port_info 0 /INPUT 32 "WD";
    .port_info 1 /INPUT 32 "ImmExt";
    .port_info 2 /INPUT 1 "ALUSrc";
    .port_info 3 /OUTPUT 32 "B";
v0000020adbb6ab50_0 .net "ALUSrc", 0 0, v0000020adbb05d20_0;  alias, 1 drivers
v0000020adbb6c090_0 .var "B", 31 0;
v0000020adbb6b370_0 .net "ImmExt", 31 0, v0000020adbb6c660_0;  alias, 1 drivers
v0000020adbb6ba50_0 .net "WD", 31 0, L_0000020adbb7cde0;  alias, 1 drivers
E_0000020adbaff040 .event anyedge, v0000020adbb05d20_0, v0000020adbb6ba50_0, v0000020adbb6b370_0;
S_0000020adba28060 .scope module, "AR" "ALU" 8 51, 10 1 0, S_0000020adba40dc0;
 .timescale 0 0;
    .port_info 0 /INPUT 32 "A";
    .port_info 1 /INPUT 32 "B";
    .port_info 2 /INPUT 4 "control";
    .port_info 3 /OUTPUT 32 "result";
    .port_info 4 /OUTPUT 1 "Zero";
    .port_info 5 /OUTPUT 1 "Carry";
    .port_info 6 /OUTPUT 1 "Referee";
v0000020adbb6aa10_0 .net "A", 31 0, L_0000020adbb7d6a0;  alias, 1 drivers
v0000020adbb6afb0_0 .net "B", 31 0, v0000020adbb6c090_0;  alias, 1 drivers
v0000020adbb6b0f0_0 .var "Carry", 0 0;
v0000020adbb6af10_0 .var "Negative", 0 0;
v0000020adbb6abf0_0 .var "Overflow", 0 0;
v0000020adbb6c1d0_0 .var "Referee", 0 0;
v0000020adbb6c270_0 .var "Zero", 0 0;
v0000020adbb6b2d0_0 .net "control", 3 0, v0000020adbb04e20_0;  alias, 1 drivers
v0000020adbb6b7d0_0 .var "result", 31 0;
v0000020adbb6b730_0 .var "temp", 32 0;
E_0000020adbb00a80/0 .event anyedge, v0000020adbb04e20_0, v0000020adbb6aa10_0, v0000020adbb6c090_0, v0000020adbb6b730_0;
E_0000020adbb00a80/1 .event anyedge, v0000020adbb6aab0_0, v0000020adbb6af10_0, v0000020adbb6abf0_0;
E_0000020adbb00a80 .event/or E_0000020adbb00a80/0, E_0000020adbb00a80/1;
S_0000020adba7a8f0 .scope module, "P1" "PC_Plus_4" 8 30, 11 1 0, S_0000020adba40dc0;
 .timescale 0 0;
    .port_info 0 /INPUT 32 "PC";
    .port_info 1 /OUTPUT 32 "PCPlus4";
v0000020adbb6a470_0 .net "PC", 31 0, v0000020adbb6bf50_0;  alias, 1 drivers
v0000020adbb6b910_0 .net "PCPlus4", 31 0, L_0000020adbb7c7a0;  alias, 1 drivers
v0000020adbb6a3d0_0 .var/i "p4", 31 0;
L_0000020adbb7c7a0 .arith/sum 32, v0000020adbb6bf50_0, v0000020adbb6a3d0_0;
S_0000020adba7aa80 .scope module, "P2" "PC_Target" 8 31, 12 1 0, S_0000020adba40dc0;
 .timescale 0 0;
    .port_info 0 /INPUT 32 "PC";
    .port_info 1 /INPUT 32 "ImmExt";
    .port_info 2 /OUTPUT 32 "PCTarget";
v0000020adbb6bc30_0 .net "ImmExt", 31 0, v0000020adbb6c660_0;  alias, 1 drivers
v0000020adbb6a510_0 .net "PC", 31 0, v0000020adbb6bf50_0;  alias, 1 drivers
v0000020adbb6a830_0 .net "PCTarget", 31 0, L_0000020adbb7c660;  alias, 1 drivers
L_0000020adbb7c660 .arith/sum 32, v0000020adbb6bf50_0, v0000020adbb6c660_0;
S_0000020adba6bc60 .scope module, "P3" "PC_Mux" 8 32, 13 1 0, S_0000020adba40dc0;
 .timescale 0 0;
    .port_info 0 /INPUT 2 "PCSrc";
    .port_info 1 /INPUT 32 "PC_Target";
    .port_info 2 /INPUT 32 "PC_Plus_4";
    .port_info 3 /INPUT 32 "ALUResult";
    .port_info 4 /OUTPUT 32 "PC_Next";
v0000020adbb6ad30_0 .net "ALUResult", 31 0, v0000020adbb6b7d0_0;  alias, 1 drivers
v0000020adbb6b4b0_0 .net "PCSrc", 1 0, L_0000020adbb7df60;  alias, 1 drivers
v0000020adbb6beb0_0 .var "PC_Next", 31 0;
v0000020adbb6add0_0 .net "PC_Plus_4", 31 0, L_0000020adbb7c7a0;  alias, 1 drivers
v0000020adbb6b9b0_0 .net "PC_Target", 31 0, L_0000020adbb7c660;  alias, 1 drivers
E_0000020adbaf9440 .event anyedge, v0000020adbb04c40_0, v0000020adbb6b910_0, v0000020adbb6a830_0, v0000020adbb6aab0_0;
S_0000020adba6bdf0 .scope module, "PC1" "PC_Reg" 8 35, 14 1 0, S_0000020adba40dc0;
 .timescale 0 0;
    .port_info 0 /INPUT 32 "PCNext";
    .port_info 1 /INPUT 1 "clk";
    .port_info 2 /INPUT 1 "reset";
    .port_info 3 /OUTPUT 32 "PC";
v0000020adbb6bf50_0 .var "PC", 31 0;
v0000020adbb6b550_0 .net "PCNext", 31 0, v0000020adbb6beb0_0;  alias, 1 drivers
v0000020adbb6b690_0 .net "clk", 0 0, v0000020adbb6f390_0;  alias, 1 drivers
v0000020adbb6baf0_0 .net "reset", 0 0, o0000020adbb1b728;  alias, 0 drivers
E_0000020adbaf9540 .event posedge, v0000020adbb6baf0_0, v0000020adbb6ac90_0;
S_0000020adba63c90 .scope module, "RF" "Register_File" 8 44, 15 1 0, S_0000020adba40dc0;
 .timescale 0 0;
    .port_info 0 /INPUT 5 "RA1";
    .port_info 1 /INPUT 5 "RA2";
    .port_info 2 /INPUT 5 "WA3";
    .port_info 3 /INPUT 32 "WD3";
    .port_info 4 /INPUT 1 "WE3";
    .port_info 5 /INPUT 1 "CLK";
    .port_info 6 /OUTPUT 32 "RD1";
    .port_info 7 /OUTPUT 32 "RD2";
    .port_info 8 /OUTPUT 32 "display_data";
v0000020adbb6cde0_4 .array/port v0000020adbb6cde0, 4;
L_0000020adbb08000 .functor BUFZ 32, v0000020adbb6cde0_4, C4<00000000000000000000000000000000>, C4<00000000000000000000000000000000>, C4<00000000000000000000000000000000>;
v0000020adbb6bcd0_0 .net "CLK", 0 0, v0000020adbb6f390_0;  alias, 1 drivers
v0000020adbb6d1a0_0 .net "RA1", 4 0, L_0000020adbb7d880;  1 drivers
v0000020adbb6e000_0 .net "RA2", 4 0, L_0000020adbb7d1a0;  1 drivers
v0000020adbb6e1e0_0 .net "RD1", 31 0, L_0000020adbb7d6a0;  alias, 1 drivers
v0000020adbb6df60_0 .net "RD2", 31 0, L_0000020adbb7cde0;  alias, 1 drivers
v0000020adbb6cb60_0 .net "WA3", 4 0, L_0000020adbb7c480;  1 drivers
v0000020adbb6d740_0 .net "WD3", 31 0, v0000020adbb6d100_0;  alias, 1 drivers
v0000020adbb6d600_0 .net "WE3", 0 0, v0000020adbb06400_0;  alias, 1 drivers
v0000020adbb6dce0_0 .net *"_ivl_0", 31 0, L_0000020adbb7d060;  1 drivers
v0000020adbb6c3e0_0 .net *"_ivl_10", 31 0, L_0000020adbb7cc00;  1 drivers
v0000020adbb6c700_0 .net *"_ivl_12", 6 0, L_0000020adbb7d600;  1 drivers
L_0000020adbb80510 .functor BUFT 1, C4<00>, C4<0>, C4<0>, C4<0>;
v0000020adbb6db00_0 .net *"_ivl_15", 1 0, L_0000020adbb80510;  1 drivers
v0000020adbb6cfc0_0 .net *"_ivl_18", 31 0, L_0000020adbb7dba0;  1 drivers
L_0000020adbb80558 .functor BUFT 1, C4<000000000000000000000000000>, C4<0>, C4<0>, C4<0>;
v0000020adbb6c8e0_0 .net *"_ivl_21", 26 0, L_0000020adbb80558;  1 drivers
L_0000020adbb805a0 .functor BUFT 1, C4<00000000000000000000000000000000>, C4<0>, C4<0>, C4<0>;
v0000020adbb6c840_0 .net/2u *"_ivl_22", 31 0, L_0000020adbb805a0;  1 drivers
v0000020adbb6cc00_0 .net *"_ivl_24", 0 0, L_0000020adbb7d740;  1 drivers
L_0000020adbb805e8 .functor BUFT 1, C4<00000000000000000000000000000000>, C4<0>, C4<0>, C4<0>;
v0000020adbb6c520_0 .net/2u *"_ivl_26", 31 0, L_0000020adbb805e8;  1 drivers
v0000020adbb6cd40_0 .net *"_ivl_28", 31 0, L_0000020adbb7e280;  1 drivers
L_0000020adbb80438 .functor BUFT 1, C4<000000000000000000000000000>, C4<0>, C4<0>, C4<0>;
v0000020adbb6dba0_0 .net *"_ivl_3", 26 0, L_0000020adbb80438;  1 drivers
v0000020adbb6ce80_0 .net *"_ivl_30", 6 0, L_0000020adbb7cca0;  1 drivers
L_0000020adbb80630 .functor BUFT 1, C4<00>, C4<0>, C4<0>, C4<0>;
v0000020adbb6d2e0_0 .net *"_ivl_33", 1 0, L_0000020adbb80630;  1 drivers
L_0000020adbb80480 .functor BUFT 1, C4<00000000000000000000000000000000>, C4<0>, C4<0>, C4<0>;
v0000020adbb6c5c0_0 .net/2u *"_ivl_4", 31 0, L_0000020adbb80480;  1 drivers
v0000020adbb6d420_0 .net *"_ivl_6", 0 0, L_0000020adbb7c8e0;  1 drivers
L_0000020adbb804c8 .functor BUFT 1, C4<00000000000000000000000000000000>, C4<0>, C4<0>, C4<0>;
v0000020adbb6d7e0_0 .net/2u *"_ivl_8", 31 0, L_0000020adbb804c8;  1 drivers
v0000020adbb6cca0_0 .net "display_data", 31 0, L_0000020adbb08000;  alias, 1 drivers
v0000020adbb6c980_0 .var/i "i", 31 0;
v0000020adbb6cde0 .array "regfile", 31 0, 31 0;
L_0000020adbb7d060 .concat [ 5 27 0 0], L_0000020adbb7d880, L_0000020adbb80438;
L_0000020adbb7c8e0 .cmp/eq 32, L_0000020adbb7d060, L_0000020adbb80480;
L_0000020adbb7cc00 .array/port v0000020adbb6cde0, L_0000020adbb7d600;
L_0000020adbb7d600 .concat [ 5 2 0 0], L_0000020adbb7d880, L_0000020adbb80510;
L_0000020adbb7d6a0 .functor MUXZ 32, L_0000020adbb7cc00, L_0000020adbb804c8, L_0000020adbb7c8e0, C4<>;
L_0000020adbb7dba0 .concat [ 5 27 0 0], L_0000020adbb7d1a0, L_0000020adbb80558;
L_0000020adbb7d740 .cmp/eq 32, L_0000020adbb7dba0, L_0000020adbb805a0;
L_0000020adbb7e280 .array/port v0000020adbb6cde0, L_0000020adbb7cca0;
L_0000020adbb7cca0 .concat [ 5 2 0 0], L_0000020adbb7d1a0, L_0000020adbb80630;
L_0000020adbb7cde0 .functor MUXZ 32, L_0000020adbb7e280, L_0000020adbb805e8, L_0000020adbb7d740, C4<>;
S_0000020adba63e20 .scope module, "RM" "Result_Mux" 8 54, 16 1 0, S_0000020adba40dc0;
 .timescale 0 0;
    .port_info 0 /INPUT 32 "ALUResult";
    .port_info 1 /INPUT 32 "ReadData";
    .port_info 2 /INPUT 32 "PC_Plus_4";
    .port_info 3 /INPUT 32 "PC_Target";
    .port_info 4 /INPUT 2 "ResultSrc";
    .port_info 5 /OUTPUT 32 "Result";
v0000020adbb6e140_0 .net "ALUResult", 31 0, v0000020adbb6b7d0_0;  alias, 1 drivers
v0000020adbb6d560_0 .net "PC_Plus_4", 31 0, L_0000020adbb7c7a0;  alias, 1 drivers
v0000020adbb6cf20_0 .net "PC_Target", 31 0, L_0000020adbb7c660;  alias, 1 drivers
v0000020adbb6d060_0 .net "ReadData", 31 0, v0000020adbb6b410_0;  alias, 1 drivers
v0000020adbb6d100_0 .var "Result", 31 0;
v0000020adbb6d4c0_0 .net "ResultSrc", 1 0, v0000020adbb056e0_0;  alias, 1 drivers
E_0000020adbaf8ec0/0 .event anyedge, v0000020adbb056e0_0, v0000020adbb6aab0_0, v0000020adbb6b410_0, v0000020adbb6b910_0;
E_0000020adbaf8ec0/1 .event anyedge, v0000020adbb6a830_0;
E_0000020adbaf8ec0 .event/or E_0000020adbaf8ec0/0, E_0000020adbaf8ec0/1;
S_0000020adba63760 .scope module, "SE" "Sign_Extender" 8 33, 17 1 0, S_0000020adba40dc0;
 .timescale 0 0;
    .port_info 0 /INPUT 32 "Instr";
    .port_info 1 /INPUT 3 "ImmSrc";
    .port_info 2 /OUTPUT 32 "ImmExt";
v0000020adbb6c660_0 .var "ImmExt", 31 0;
v0000020adbb6c7a0_0 .net "ImmSrc", 2 0, v0000020adbb06900_0;  alias, 1 drivers
v0000020adbb6d6a0_0 .net "Instr", 31 0, L_0000020adbb07580;  alias, 1 drivers
E_0000020adbaf9ac0 .event anyedge, v0000020adbb06900_0, v0000020adbb05a00_0;
S_0000020adbb70a40 .scope module, "IM1" "Instruction_Memory" 3 24, 18 1 0, S_0000020adba7b180;
 .timescale 0 0;
    .port_info 0 /INPUT 32 "A";
    .port_info 1 /OUTPUT 32 "RD";
L_0000020adbb07580 .functor BUFZ 32, L_0000020adbb7c840, C4<00000000000000000000000000000000>, C4<00000000000000000000000000000000>, C4<00000000000000000000000000000000>;
v0000020adbb6f4d0_0 .net "A", 31 0, v0000020adbb6bf50_0;  alias, 1 drivers
v0000020adbb6e3f0_0 .net "RD", 31 0, L_0000020adbb07580;  alias, 1 drivers
v0000020adbb6ed50_0 .net *"_ivl_0", 31 0, L_0000020adbb7c840;  1 drivers
v0000020adbb70150_0 .net *"_ivl_3", 29 0, L_0000020adbb7e960;  1 drivers
v0000020adbb6fed0 .array "mem", 63 0, 31 0;
L_0000020adbb7c840 .array/port v0000020adbb6fed0, L_0000020adbb7e960;
L_0000020adbb7e960 .part v0000020adbb6bf50_0, 2, 30;
S_0000020adbb06c60 .scope module, "top_tb" "top_tb" 19 1;
 .timescale 0 0;
v0000020adbb7d420_0 .var "clk", 0 0;
v0000020adbb7e820_0 .net "display_data", 31 0, L_0000020adbb07890;  1 drivers
v0000020adbb7cd40_0 .var "reset", 0 0;
S_0000020adbb70400 .scope module, "DUT" "top_module" 19 5, 3 1 0, S_0000020adbb06c60;
 .timescale 0 0;
    .port_info 0 /INPUT 1 "reset";
    .port_info 1 /INPUT 1 "clk";
    .port_info 2 /OUTPUT 32 "display_data";
v0000020adbb76620_0 .net "ALUControl", 3 0, v0000020adbb6a790_0;  1 drivers
v0000020adbb7c5c0_0 .net "ALUSrc", 0 0, v0000020adbb750e0_0;  1 drivers
v0000020adbb7d240_0 .net "Branch", 0 0, v0000020adbb74a00_0;  1 drivers
v0000020adbb7c520_0 .net "Carry", 0 0, v0000020adbb77d40_0;  1 drivers
v0000020adbb7da60_0 .net "DataAddr", 31 0, v0000020adbb76440_0;  1 drivers
v0000020adbb7e000_0 .net "ImmSrc", 2 0, v0000020adbb74780_0;  1 drivers
v0000020adbb7c700_0 .net "Instr", 31 0, L_0000020adbb073c0;  1 drivers
v0000020adbb7cfc0_0 .net "Jump", 0 0, v0000020adbb73f60_0;  1 drivers
v0000020adbb7e320_0 .net "JumpReg", 0 0, v0000020adbb73560_0;  1 drivers
v0000020adbb7e500_0 .net "MemWrite", 0 0, v0000020adbb74f00_0;  1 drivers
v0000020adbb7e5a0_0 .net "PC", 31 0, v0000020adbb77ca0_0;  1 drivers
v0000020adbb7dec0_0 .net "PCSrc", 1 0, L_0000020adbb7efa0;  1 drivers
v0000020adbb7e6e0_0 .net "ReadData", 31 0, v0000020adbb74aa0_0;  1 drivers
v0000020adbb7d560_0 .net "Referee", 0 0, v0000020adbb76f80_0;  1 drivers
o0000020adbb1d318 .functor BUFZ 1, C4<z>; HiZ drive
v0000020adbb7d380_0 .net "RegSrc", 0 0, o0000020adbb1d318;  0 drivers
v0000020adbb7cb60_0 .net "RegWrite", 0 0, v0000020adbb74fa0_0;  1 drivers
v0000020adbb7cac0_0 .net "ResultSrc", 1 0, v0000020adbb75180_0;  1 drivers
v0000020adbb7e780_0 .net "WriteData", 31 0, L_0000020adbb079e0;  1 drivers
v0000020adbb7e8c0_0 .net "Zero", 0 0, v0000020adbb76940_0;  1 drivers
v0000020adbb7eb40_0 .net "clk", 0 0, v0000020adbb7d420_0;  1 drivers
v0000020adbb7e640_0 .net "display_data", 31 0, L_0000020adbb07890;  alias, 1 drivers
v0000020adbb7e140_0 .net "reset", 0 0, v0000020adbb7cd40_0;  1 drivers
S_0000020adbb70bd0 .scope module, "CP1" "controlpath" 3 22, 4 1 0, S_0000020adbb70400;
 .timescale 0 0;
    .port_info 0 /INPUT 1 "Zero";
    .port_info 1 /INPUT 1 "Carry";
    .port_info 2 /INPUT 1 "Referee";
    .port_info 3 /INPUT 32 "Instr";
    .port_info 4 /OUTPUT 1 "MemWrite";
    .port_info 5 /OUTPUT 1 "RegWrite";
    .port_info 6 /OUTPUT 1 "ALUSrc";
    .port_info 7 /OUTPUT 1 "RegSrc";
    .port_info 8 /OUTPUT 1 "Branch";
    .port_info 9 /OUTPUT 1 "Jump";
    .port_info 10 /OUTPUT 1 "JumpReg";
    .port_info 11 /OUTPUT 4 "ALUControl";
    .port_info 12 /OUTPUT 2 "ResultSrc";
    .port_info 13 /OUTPUT 2 "PCSrc";
    .port_info 14 /OUTPUT 3 "ImmSrc";
L_0000020adbb076d0 .functor BUFZ 1, v0000020adbb74f00_0, C4<0>, C4<0>, C4<0>;
L_0000020adbb07660 .functor AND 1, v0000020adbb74a00_0, v0000020adbb739c0_0, C4<1>, C4<1>;
L_0000020adbb075f0 .functor OR 1, L_0000020adbb07660, v0000020adbb73f60_0, C4<0>, C4<0>;
v0000020adbb73e20_0 .net "ALUControl", 3 0, v0000020adbb6a790_0;  alias, 1 drivers
v0000020adbb737e0_0 .net "ALUOp", 1 0, v0000020adbb74dc0_0;  1 drivers
v0000020adbb73ba0_0 .net "ALUSrc", 0 0, v0000020adbb750e0_0;  alias, 1 drivers
v0000020adbb75040_0 .net "Branch", 0 0, v0000020adbb74a00_0;  alias, 1 drivers
v0000020adbb740a0_0 .net "BranchTaken", 0 0, L_0000020adbb075f0;  1 drivers
v0000020adbb75220_0 .net "Carry", 0 0, v0000020adbb77d40_0;  alias, 1 drivers
v0000020adbb739c0_0 .var "ConditionsMet", 0 0;
v0000020adbb746e0_0 .net "ImmSrc", 2 0, v0000020adbb74780_0;  alias, 1 drivers
v0000020adbb752c0_0 .net "Instr", 31 0, L_0000020adbb073c0;  alias, 1 drivers
v0000020adbb73c40_0 .net "Jump", 0 0, v0000020adbb73f60_0;  alias, 1 drivers
v0000020adbb74460_0 .net "JumpReg", 0 0, v0000020adbb73560_0;  alias, 1 drivers
v0000020adbb73920_0 .net "MemWrite", 0 0, v0000020adbb74f00_0;  alias, 1 drivers
v0000020adbb74820_0 .net "PCSrc", 1 0, L_0000020adbb7efa0;  alias, 1 drivers
v0000020adbb73600_0 .net "Referee", 0 0, v0000020adbb76f80_0;  alias, 1 drivers
v0000020adbb74140_0 .net "RegSrc", 0 0, o0000020adbb1d318;  alias, 0 drivers
v0000020adbb74500_0 .net "RegWrite", 0 0, v0000020adbb74fa0_0;  alias, 1 drivers
v0000020adbb734c0_0 .net "ResultSrc", 1 0, v0000020adbb75180_0;  alias, 1 drivers
v0000020adbb73a60_0 .net "WE", 0 0, L_0000020adbb076d0;  1 drivers
v0000020adbb73420_0 .net "Zero", 0 0, v0000020adbb76940_0;  alias, 1 drivers
L_0000020adbb80990 .functor BUFT 1, C4<10>, C4<0>, C4<0>, C4<0>;
v0000020adbb74000_0 .net/2u *"_ivl_10", 1 0, L_0000020adbb80990;  1 drivers
L_0000020adbb809d8 .functor BUFT 1, C4<01>, C4<0>, C4<0>, C4<0>;
v0000020adbb736a0_0 .net/2u *"_ivl_12", 1 0, L_0000020adbb809d8;  1 drivers
L_0000020adbb80a20 .functor BUFT 1, C4<00>, C4<0>, C4<0>, C4<0>;
v0000020adbb74280_0 .net/2u *"_ivl_14", 1 0, L_0000020adbb80a20;  1 drivers
v0000020adbb73ec0_0 .net *"_ivl_16", 1 0, L_0000020adbb7f860;  1 drivers
v0000020adbb73740_0 .net *"_ivl_6", 0 0, L_0000020adbb07660;  1 drivers
v0000020adbb741e0_0 .net "funct3", 2 0, L_0000020adbb7f5e0;  1 drivers
E_0000020adbaf94c0 .event anyedge, v0000020adbb741e0_0, v0000020adbb73420_0, v0000020adbb73600_0, v0000020adbb75220_0;
L_0000020adbb7ef00 .part L_0000020adbb073c0, 0, 7;
L_0000020adbb7f5e0 .part L_0000020adbb073c0, 12, 3;
L_0000020adbb7f860 .functor MUXZ 2, L_0000020adbb80a20, L_0000020adbb809d8, L_0000020adbb075f0, C4<>;
L_0000020adbb7efa0 .functor MUXZ 2, L_0000020adbb7f860, L_0000020adbb80990, v0000020adbb73560_0, C4<>;
L_0000020adbb7f680 .part L_0000020adbb073c0, 12, 3;
L_0000020adbb7f040 .part L_0000020adbb073c0, 30, 1;
L_0000020adbb7ed20 .part L_0000020adbb073c0, 5, 1;
S_0000020adbb71210 .scope module, "AD1" "ALU_Decoder" 4 48, 5 1 0, S_0000020adbb70bd0;
 .timescale 0 0;
    .port_info 0 /INPUT 2 "ALUOp";
    .port_info 1 /INPUT 3 "funct3";
    .port_info 2 /INPUT 1 "funct7b5";
    .port_info 3 /INPUT 1 "opb5";
    .port_info 4 /OUTPUT 4 "ALUControl";
v0000020adbb6a790_0 .var "ALUControl", 3 0;
v0000020adbb745a0_0 .net "ALUOp", 1 0, v0000020adbb74dc0_0;  alias, 1 drivers
v0000020adbb74e60_0 .net "funct3", 2 0, L_0000020adbb7f680;  1 drivers
v0000020adbb74640_0 .net "funct7b5", 0 0, L_0000020adbb7f040;  1 drivers
v0000020adbb73880_0 .net "opb5", 0 0, L_0000020adbb7ed20;  1 drivers
E_0000020adbaf8f40 .event anyedge, v0000020adbb73880_0, v0000020adbb74640_0, v0000020adbb74e60_0, v0000020adbb745a0_0;
S_0000020adbb70590 .scope module, "MD1" "Main_Decoder" 4 20, 6 1 0, S_0000020adbb70bd0;
 .timescale 0 0;
    .port_info 0 /INPUT 7 "op";
    .port_info 1 /OUTPUT 1 "RegWrite";
    .port_info 2 /OUTPUT 3 "ImmSrc";
    .port_info 3 /OUTPUT 1 "ALUSrc";
    .port_info 4 /OUTPUT 1 "MemWrite";
    .port_info 5 /OUTPUT 2 "ResultSrc";
    .port_info 6 /OUTPUT 1 "Branch";
    .port_info 7 /OUTPUT 2 "ALUOp";
    .port_info 8 /OUTPUT 1 "Jump";
    .port_info 9 /OUTPUT 1 "JumpReg";
v0000020adbb74dc0_0 .var "ALUOp", 1 0;
v0000020adbb750e0_0 .var "ALUSrc", 0 0;
v0000020adbb74a00_0 .var "Branch", 0 0;
v0000020adbb74780_0 .var "ImmSrc", 2 0;
v0000020adbb73f60_0 .var "Jump", 0 0;
v0000020adbb73560_0 .var "JumpReg", 0 0;
v0000020adbb74f00_0 .var "MemWrite", 0 0;
v0000020adbb74fa0_0 .var "RegWrite", 0 0;
v0000020adbb75180_0 .var "ResultSrc", 1 0;
v0000020adbb743c0_0 .net "op", 6 0, L_0000020adbb7ef00;  1 drivers
E_0000020adbaf9b00 .event anyedge, v0000020adbb743c0_0;
S_0000020adbb70d60 .scope module, "DM1" "Data_Memory" 3 26, 7 1 0, S_0000020adbb70400;
 .timescale 0 0;
    .port_info 0 /INPUT 32 "A";
    .port_info 1 /INPUT 32 "WD";
    .port_info 2 /INPUT 1 "CLK";
    .port_info 3 /INPUT 1 "WE";
    .port_info 4 /INPUT 32 "Instr";
    .port_info 5 /OUTPUT 32 "RD";
L_0000020adbb077b0 .functor BUFZ 32, L_0000020adbb7fb80, C4<00000000000000000000000000000000>, C4<00000000000000000000000000000000>, C4<00000000000000000000000000000000>;
v0000020adbb748c0_0 .net "A", 31 0, v0000020adbb76440_0;  alias, 1 drivers
v0000020adbb74320_0 .net "CLK", 0 0, v0000020adbb7d420_0;  alias, 1 drivers
v0000020adbb74960_0 .net "Instr", 31 0, L_0000020adbb073c0;  alias, 1 drivers
v0000020adbb74aa0_0 .var "RD", 31 0;
v0000020adbb73ce0_0 .net "WD", 31 0, L_0000020adbb079e0;  alias, 1 drivers
v0000020adbb73b00_0 .net "WE", 0 0, v0000020adbb74f00_0;  alias, 1 drivers
v0000020adbb74b40_0 .net *"_ivl_2", 31 0, L_0000020adbb7fb80;  1 drivers
v0000020adbb74be0_0 .net *"_ivl_5", 29 0, L_0000020adbb7f7c0;  1 drivers
v0000020adbb74c80_0 .net "funct3", 2 0, L_0000020adbb80080;  1 drivers
v0000020adbb74d20 .array "mem", 63 0, 31 0;
v0000020adbb73d80_0 .net "offset", 1 0, L_0000020adbb7ec80;  1 drivers
v0000020adbb76800_0 .net "word_data", 31 0, L_0000020adbb077b0;  1 drivers
E_0000020adbaf8fc0 .event posedge, v0000020adbb74320_0;
E_0000020adbaf9040 .event anyedge, v0000020adbb74c80_0, v0000020adbb76800_0, v0000020adbb73d80_0;
L_0000020adbb80080 .part L_0000020adbb073c0, 12, 3;
L_0000020adbb7fb80 .array/port v0000020adbb74d20, L_0000020adbb7f7c0;
L_0000020adbb7f7c0 .part v0000020adbb76440_0, 2, 30;
L_0000020adbb7ec80 .part v0000020adbb76440_0, 0, 2;
S_0000020adbb708b0 .scope module, "DP1" "datapath" 3 17, 8 1 0, S_0000020adbb70400;
 .timescale 0 0;
    .port_info 0 /INPUT 1 "RegWrite";
    .port_info 1 /INPUT 1 "ALUSrc";
    .port_info 2 /INPUT 1 "RegSrc";
    .port_info 3 /INPUT 2 "ResultSrc";
    .port_info 4 /INPUT 2 "PCSrc";
    .port_info 5 /INPUT 3 "ImmSrc";
    .port_info 6 /INPUT 4 "ALUControl";
    .port_info 7 /INPUT 1 "clk";
    .port_info 8 /INPUT 1 "reset";
    .port_info 9 /INPUT 32 "RD";
    .port_info 10 /INPUT 32 "Instr";
    .port_info 11 /OUTPUT 1 "Zero";
    .port_info 12 /OUTPUT 1 "Carry";
    .port_info 13 /OUTPUT 1 "Referee";
    .port_info 14 /OUTPUT 32 "PC";
    .port_info 15 /OUTPUT 32 "WD";
    .port_info 16 /OUTPUT 32 "ALUResult";
    .port_info 17 /OUTPUT 32 "display_data";
L_0000020adbb079e0 .functor BUFZ 32, L_0000020adbb7fc20, C4<00000000000000000000000000000000>, C4<00000000000000000000000000000000>, C4<00000000000000000000000000000000>;
v0000020adbb7c120_0 .net "ALUControl", 3 0, v0000020adbb6a790_0;  alias, 1 drivers
v0000020adbb7c1c0_0 .net "ALUResult", 31 0, v0000020adbb76440_0;  alias, 1 drivers
v0000020adbb7b400_0 .net "ALUSrc", 0 0, v0000020adbb750e0_0;  alias, 1 drivers
v0000020adbb7b2c0_0 .net "B", 31 0, v0000020adbb76b20_0;  1 drivers
v0000020adbb7b900_0 .net "Carry", 0 0, v0000020adbb77d40_0;  alias, 1 drivers
v0000020adbb7c300_0 .net "ImmExt", 31 0, v0000020adbb7b180_0;  1 drivers
v0000020adbb7a460_0 .net "ImmSrc", 2 0, v0000020adbb74780_0;  alias, 1 drivers
v0000020adbb7b040_0 .net "Instr", 31 0, L_0000020adbb073c0;  alias, 1 drivers
v0000020adbb7af00_0 .net "PC", 31 0, v0000020adbb77ca0_0;  alias, 1 drivers
v0000020adbb7bfe0_0 .net "PCPlus4", 31 0, L_0000020adbb7db00;  1 drivers
v0000020adbb7b220_0 .net "PCSrc", 1 0, L_0000020adbb7efa0;  alias, 1 drivers
v0000020adbb7ac80_0 .net "PCTarget", 31 0, L_0000020adbb7ce80;  1 drivers
v0000020adbb7b360_0 .net "PC_Next", 31 0, v0000020adbb77b60_0;  1 drivers
v0000020adbb7a960_0 .net "RD", 31 0, v0000020adbb74aa0_0;  alias, 1 drivers
v0000020adbb7a6e0_0 .net "RD1", 31 0, L_0000020adbb7d4c0;  1 drivers
v0000020adbb7b5e0_0 .net "RD2", 31 0, L_0000020adbb7fc20;  1 drivers
v0000020adbb7ad20_0 .net "Referee", 0 0, v0000020adbb76f80_0;  alias, 1 drivers
v0000020adbb7ba40_0 .net "RegSrc", 0 0, o0000020adbb1d318;  alias, 0 drivers
v0000020adbb7aa00_0 .net "RegWrite", 0 0, v0000020adbb74fa0_0;  alias, 1 drivers
v0000020adbb7adc0_0 .net "Result", 31 0, v0000020adbb7a820_0;  1 drivers
v0000020adbb7ae60_0 .net "ResultSrc", 1 0, v0000020adbb75180_0;  alias, 1 drivers
v0000020adbb7bcc0_0 .net "WD", 31 0, L_0000020adbb079e0;  alias, 1 drivers
v0000020adbb7bd60_0 .net "Zero", 0 0, v0000020adbb76940_0;  alias, 1 drivers
v0000020adbb7be00_0 .net "clk", 0 0, v0000020adbb7d420_0;  alias, 1 drivers
v0000020adbb7a780_0 .net "display_data", 31 0, L_0000020adbb07890;  alias, 1 drivers
v0000020adbb7afa0_0 .net "reset", 0 0, v0000020adbb7cd40_0;  alias, 1 drivers
L_0000020adbb7ff40 .part L_0000020adbb073c0, 15, 5;
L_0000020adbb7f4a0 .part L_0000020adbb073c0, 20, 5;
L_0000020adbb7ffe0 .part L_0000020adbb073c0, 7, 5;
S_0000020adbb70720 .scope module, "ALM" "ALU_Mux" 8 48, 9 1 0, S_0000020adbb708b0;
 .timescale 0 0;
    .port_info 0 /INPUT 32 "WD";
    .port_info 1 /INPUT 32 "ImmExt";
    .port_info 2 /INPUT 1 "ALUSrc";
    .port_info 3 /OUTPUT 32 "B";
v0000020adbb778e0_0 .net "ALUSrc", 0 0, v0000020adbb750e0_0;  alias, 1 drivers
v0000020adbb76b20_0 .var "B", 31 0;
v0000020adbb76bc0_0 .net "ImmExt", 31 0, v0000020adbb7b180_0;  alias, 1 drivers
v0000020adbb782e0_0 .net "WD", 31 0, L_0000020adbb7fc20;  alias, 1 drivers
E_0000020adbaf90c0 .event anyedge, v0000020adbb750e0_0, v0000020adbb782e0_0, v0000020adbb76bc0_0;
S_0000020adbb70ef0 .scope module, "AR" "ALU" 8 51, 10 1 0, S_0000020adbb708b0;
 .timescale 0 0;
    .port_info 0 /INPUT 32 "A";
    .port_info 1 /INPUT 32 "B";
    .port_info 2 /INPUT 4 "control";
    .port_info 3 /OUTPUT 32 "result";
    .port_info 4 /OUTPUT 1 "Zero";
    .port_info 5 /OUTPUT 1 "Carry";
    .port_info 6 /OUTPUT 1 "Referee";
v0000020adbb76ee0_0 .net "A", 31 0, L_0000020adbb7d4c0;  alias, 1 drivers
v0000020adbb77f20_0 .net "B", 31 0, v0000020adbb76b20_0;  alias, 1 drivers
v0000020adbb77d40_0 .var "Carry", 0 0;
v0000020adbb77980_0 .var "Negative", 0 0;
v0000020adbb77e80_0 .var "Overflow", 0 0;
v0000020adbb76f80_0 .var "Referee", 0 0;
v0000020adbb76940_0 .var "Zero", 0 0;
v0000020adbb769e0_0 .net "control", 3 0, v0000020adbb6a790_0;  alias, 1 drivers
v0000020adbb76440_0 .var "result", 31 0;
v0000020adbb78100_0 .var "temp", 32 0;
E_0000020adbaf9700/0 .event anyedge, v0000020adbb6a790_0, v0000020adbb76ee0_0, v0000020adbb76b20_0, v0000020adbb78100_0;
E_0000020adbaf9700/1 .event anyedge, v0000020adbb748c0_0, v0000020adbb77980_0, v0000020adbb77e80_0;
E_0000020adbaf9700 .event/or E_0000020adbaf9700/0, E_0000020adbaf9700/1;
S_0000020adbb71080 .scope module, "P1" "PC_Plus_4" 8 30, 11 1 0, S_0000020adbb708b0;
 .timescale 0 0;
    .port_info 0 /INPUT 32 "PC";
    .port_info 1 /OUTPUT 32 "PCPlus4";
v0000020adbb77020_0 .net "PC", 31 0, v0000020adbb77ca0_0;  alias, 1 drivers
v0000020adbb768a0_0 .net "PCPlus4", 31 0, L_0000020adbb7db00;  alias, 1 drivers
v0000020adbb781a0_0 .var/i "p4", 31 0;
L_0000020adbb7db00 .arith/sum 32, v0000020adbb77ca0_0, v0000020adbb781a0_0;
S_0000020adbb78770 .scope module, "P2" "PC_Target" 8 31, 12 1 0, S_0000020adbb708b0;
 .timescale 0 0;
    .port_info 0 /INPUT 32 "PC";
    .port_info 1 /INPUT 32 "ImmExt";
    .port_info 2 /OUTPUT 32 "PCTarget";
v0000020adbb77c00_0 .net "ImmExt", 31 0, v0000020adbb7b180_0;  alias, 1 drivers
v0000020adbb77200_0 .net "PC", 31 0, v0000020adbb77ca0_0;  alias, 1 drivers
v0000020adbb76580_0 .net "PCTarget", 31 0, L_0000020adbb7ce80;  alias, 1 drivers
L_0000020adbb7ce80 .arith/sum 32, v0000020adbb77ca0_0, v0000020adbb7b180_0;
S_0000020adbb78db0 .scope module, "P3" "PC_Mux" 8 32, 13 1 0, S_0000020adbb708b0;
 .timescale 0 0;
    .port_info 0 /INPUT 2 "PCSrc";
    .port_info 1 /INPUT 32 "PC_Target";
    .port_info 2 /INPUT 32 "PC_Plus_4";
    .port_info 3 /INPUT 32 "ALUResult";
    .port_info 4 /OUTPUT 32 "PC_Next";
v0000020adbb77480_0 .net "ALUResult", 31 0, v0000020adbb76440_0;  alias, 1 drivers
v0000020adbb764e0_0 .net "PCSrc", 1 0, L_0000020adbb7efa0;  alias, 1 drivers
v0000020adbb77b60_0 .var "PC_Next", 31 0;
v0000020adbb77ac0_0 .net "PC_Plus_4", 31 0, L_0000020adbb7db00;  alias, 1 drivers
v0000020adbb770c0_0 .net "PC_Target", 31 0, L_0000020adbb7ce80;  alias, 1 drivers
E_0000020adbaf8c80 .event anyedge, v0000020adbb74820_0, v0000020adbb768a0_0, v0000020adbb76580_0, v0000020adbb748c0_0;
S_0000020adbb78900 .scope module, "PC1" "PC_Reg" 8 35, 14 1 0, S_0000020adbb708b0;
 .timescale 0 0;
    .port_info 0 /INPUT 32 "PCNext";
    .port_info 1 /INPUT 1 "clk";
    .port_info 2 /INPUT 1 "reset";
    .port_info 3 /OUTPUT 32 "PC";
v0000020adbb77ca0_0 .var "PC", 31 0;
v0000020adbb77340_0 .net "PCNext", 31 0, v0000020adbb77b60_0;  alias, 1 drivers
v0000020adbb77de0_0 .net "clk", 0 0, v0000020adbb7d420_0;  alias, 1 drivers
v0000020adbb77160_0 .net "reset", 0 0, v0000020adbb7cd40_0;  alias, 1 drivers
E_0000020adbaf9740 .event posedge, v0000020adbb77160_0, v0000020adbb74320_0;
S_0000020adbb79a30 .scope module, "RF" "Register_File" 8 44, 15 1 0, S_0000020adbb708b0;
 .timescale 0 0;
    .port_info 0 /INPUT 5 "RA1";
    .port_info 1 /INPUT 5 "RA2";
    .port_info 2 /INPUT 5 "WA3";
    .port_info 3 /INPUT 32 "WD3";
    .port_info 4 /INPUT 1 "WE3";
    .port_info 5 /INPUT 1 "CLK";
    .port_info 6 /OUTPUT 32 "RD1";
    .port_info 7 /OUTPUT 32 "RD2";
    .port_info 8 /OUTPUT 32 "display_data";
v0000020adbb7bea0_4 .array/port v0000020adbb7bea0, 4;
L_0000020adbb07890 .functor BUFZ 32, v0000020adbb7bea0_4, C4<00000000000000000000000000000000>, C4<00000000000000000000000000000000>, C4<00000000000000000000000000000000>;
v0000020adbb77a20_0 .net "CLK", 0 0, v0000020adbb7d420_0;  alias, 1 drivers
v0000020adbb772a0_0 .net "RA1", 4 0, L_0000020adbb7ff40;  1 drivers
v0000020adbb78060_0 .net "RA2", 4 0, L_0000020adbb7f4a0;  1 drivers
v0000020adbb77520_0 .net "RD1", 31 0, L_0000020adbb7d4c0;  alias, 1 drivers
v0000020adbb76a80_0 .net "RD2", 31 0, L_0000020adbb7fc20;  alias, 1 drivers
v0000020adbb766c0_0 .net "WA3", 4 0, L_0000020adbb7ffe0;  1 drivers
v0000020adbb775c0_0 .net "WD3", 31 0, v0000020adbb7a820_0;  alias, 1 drivers
v0000020adbb77660_0 .net "WE3", 0 0, v0000020adbb74fa0_0;  alias, 1 drivers
v0000020adbb77700_0 .net *"_ivl_0", 31 0, L_0000020adbb7cf20;  1 drivers
v0000020adbb76c60_0 .net *"_ivl_10", 31 0, L_0000020adbb7d2e0;  1 drivers
v0000020adbb78240_0 .net *"_ivl_12", 6 0, L_0000020adbb7ca20;  1 drivers
L_0000020adbb80828 .functor BUFT 1, C4<00>, C4<0>, C4<0>, C4<0>;
v0000020adbb76d00_0 .net *"_ivl_15", 1 0, L_0000020adbb80828;  1 drivers
v0000020adbb76760_0 .net *"_ivl_18", 31 0, L_0000020adbb7d9c0;  1 drivers
L_0000020adbb80870 .functor BUFT 1, C4<000000000000000000000000000>, C4<0>, C4<0>, C4<0>;
v0000020adbb76e40_0 .net *"_ivl_21", 26 0, L_0000020adbb80870;  1 drivers
L_0000020adbb808b8 .functor BUFT 1, C4<00000000000000000000000000000000>, C4<0>, C4<0>, C4<0>;
v0000020adbb76da0_0 .net/2u *"_ivl_22", 31 0, L_0000020adbb808b8;  1 drivers
v0000020adbb773e0_0 .net *"_ivl_24", 0 0, L_0000020adbb7d920;  1 drivers
L_0000020adbb80900 .functor BUFT 1, C4<00000000000000000000000000000000>, C4<0>, C4<0>, C4<0>;
v0000020adbb777a0_0 .net/2u *"_ivl_26", 31 0, L_0000020adbb80900;  1 drivers
v0000020adbb77840_0 .net *"_ivl_28", 31 0, L_0000020adbb7dd80;  1 drivers
L_0000020adbb80750 .functor BUFT 1, C4<000000000000000000000000000>, C4<0>, C4<0>, C4<0>;
v0000020adbb7c260_0 .net *"_ivl_3", 26 0, L_0000020adbb80750;  1 drivers
v0000020adbb7b680_0 .net *"_ivl_30", 6 0, L_0000020adbb7de20;  1 drivers
L_0000020adbb80948 .functor BUFT 1, C4<00>, C4<0>, C4<0>, C4<0>;
v0000020adbb7aaa0_0 .net *"_ivl_33", 1 0, L_0000020adbb80948;  1 drivers
L_0000020adbb80798 .functor BUFT 1, C4<00000000000000000000000000000000>, C4<0>, C4<0>, C4<0>;
v0000020adbb7ab40_0 .net/2u *"_ivl_4", 31 0, L_0000020adbb80798;  1 drivers
v0000020adbb7b9a0_0 .net *"_ivl_6", 0 0, L_0000020adbb7d100;  1 drivers
L_0000020adbb807e0 .functor BUFT 1, C4<00000000000000000000000000000000>, C4<0>, C4<0>, C4<0>;
v0000020adbb7bf40_0 .net/2u *"_ivl_8", 31 0, L_0000020adbb807e0;  1 drivers
v0000020adbb7b0e0_0 .net "display_data", 31 0, L_0000020adbb07890;  alias, 1 drivers
v0000020adbb7b4a0_0 .var/i "i", 31 0;
v0000020adbb7bea0 .array "regfile", 31 0, 31 0;
L_0000020adbb7cf20 .concat [ 5 27 0 0], L_0000020adbb7ff40, L_0000020adbb80750;
L_0000020adbb7d100 .cmp/eq 32, L_0000020adbb7cf20, L_0000020adbb80798;
L_0000020adbb7d2e0 .array/port v0000020adbb7bea0, L_0000020adbb7ca20;
L_0000020adbb7ca20 .concat [ 5 2 0 0], L_0000020adbb7ff40, L_0000020adbb80828;
L_0000020adbb7d4c0 .functor MUXZ 32, L_0000020adbb7d2e0, L_0000020adbb807e0, L_0000020adbb7d100, C4<>;
L_0000020adbb7d9c0 .concat [ 5 27 0 0], L_0000020adbb7f4a0, L_0000020adbb80870;
L_0000020adbb7d920 .cmp/eq 32, L_0000020adbb7d9c0, L_0000020adbb808b8;
L_0000020adbb7dd80 .array/port v0000020adbb7bea0, L_0000020adbb7de20;
L_0000020adbb7de20 .concat [ 5 2 0 0], L_0000020adbb7f4a0, L_0000020adbb80948;
L_0000020adbb7fc20 .functor MUXZ 32, L_0000020adbb7dd80, L_0000020adbb80900, L_0000020adbb7d920, C4<>;
S_0000020adbb78a90 .scope module, "RM" "Result_Mux" 8 54, 16 1 0, S_0000020adbb708b0;
 .timescale 0 0;
    .port_info 0 /INPUT 32 "ALUResult";
    .port_info 1 /INPUT 32 "ReadData";
    .port_info 2 /INPUT 32 "PC_Plus_4";
    .port_info 3 /INPUT 32 "PC_Target";
    .port_info 4 /INPUT 2 "ResultSrc";
    .port_info 5 /OUTPUT 32 "Result";
v0000020adbb7bae0_0 .net "ALUResult", 31 0, v0000020adbb76440_0;  alias, 1 drivers
v0000020adbb7a500_0 .net "PC_Plus_4", 31 0, L_0000020adbb7db00;  alias, 1 drivers
v0000020adbb7b540_0 .net "PC_Target", 31 0, L_0000020adbb7ce80;  alias, 1 drivers
v0000020adbb7bc20_0 .net "ReadData", 31 0, v0000020adbb74aa0_0;  alias, 1 drivers
v0000020adbb7a820_0 .var "Result", 31 0;
v0000020adbb7abe0_0 .net "ResultSrc", 1 0, v0000020adbb75180_0;  alias, 1 drivers
E_0000020adbaf91c0/0 .event anyedge, v0000020adbb75180_0, v0000020adbb748c0_0, v0000020adbb74aa0_0, v0000020adbb768a0_0;
E_0000020adbaf91c0/1 .event anyedge, v0000020adbb76580_0;
E_0000020adbaf91c0 .event/or E_0000020adbaf91c0/0, E_0000020adbaf91c0/1;
S_0000020adbb78c20 .scope module, "SE" "Sign_Extender" 8 33, 17 1 0, S_0000020adbb708b0;
 .timescale 0 0;
    .port_info 0 /INPUT 32 "Instr";
    .port_info 1 /INPUT 3 "ImmSrc";
    .port_info 2 /OUTPUT 32 "ImmExt";
v0000020adbb7b180_0 .var "ImmExt", 31 0;
v0000020adbb7a5a0_0 .net "ImmSrc", 2 0, v0000020adbb74780_0;  alias, 1 drivers
v0000020adbb7a8c0_0 .net "Instr", 31 0, L_0000020adbb073c0;  alias, 1 drivers
E_0000020adbaf9780 .event anyedge, v0000020adbb74780_0, v0000020adbb752c0_0;
S_0000020adbb790d0 .scope module, "IM1" "Instruction_Memory" 3 24, 18 1 0, S_0000020adbb70400;
 .timescale 0 0;
    .port_info 0 /INPUT 32 "A";
    .port_info 1 /OUTPUT 32 "RD";
L_0000020adbb073c0 .functor BUFZ 32, L_0000020adbb7fae0, C4<00000000000000000000000000000000>, C4<00000000000000000000000000000000>, C4<00000000000000000000000000000000>;
v0000020adbb7b720_0 .net "A", 31 0, v0000020adbb77ca0_0;  alias, 1 drivers
v0000020adbb7b7c0_0 .net "RD", 31 0, L_0000020adbb073c0;  alias, 1 drivers
v0000020adbb7b860_0 .net *"_ivl_0", 31 0, L_0000020adbb7fae0;  1 drivers
v0000020adbb7c080_0 .net *"_ivl_3", 29 0, L_0000020adbb7f720;  1 drivers
v0000020adbb7a640 .array "mem", 63 0, 31 0;
L_0000020adbb7fae0 .array/port v0000020adbb7a640, L_0000020adbb7f720;
L_0000020adbb7f720 .part v0000020adbb77ca0_0, 2, 30;
    .scope S_0000020adba7a8f0;
T_0 ;
    %pushi/vec4 4, 0, 32;
    %store/vec4 v0000020adbb6a3d0_0, 0, 32;
    %end;
    .thread T_0;
    .scope S_0000020adba6bc60;
T_1 ;
    %wait E_0000020adbaf9440;
    %load/vec4 v0000020adbb6b4b0_0;
    %dup/vec4;
    %pushi/vec4 0, 0, 2;
    %cmp/u;
    %jmp/1 T_1.0, 6;
    %dup/vec4;
    %pushi/vec4 1, 0, 2;
    %cmp/u;
    %jmp/1 T_1.1, 6;
    %dup/vec4;
    %pushi/vec4 2, 0, 2;
    %cmp/u;
    %jmp/1 T_1.2, 6;
    %load/vec4 v0000020adbb6add0_0;
    %store/vec4 v0000020adbb6beb0_0, 0, 32;
    %jmp T_1.4;
T_1.0 ;
    %load/vec4 v0000020adbb6add0_0;
    %store/vec4 v0000020adbb6beb0_0, 0, 32;
    %jmp T_1.4;
T_1.1 ;
    %load/vec4 v0000020adbb6b9b0_0;
    %store/vec4 v0000020adbb6beb0_0, 0, 32;
    %jmp T_1.4;
T_1.2 ;
    %load/vec4 v0000020adbb6ad30_0;
    %store/vec4 v0000020adbb6beb0_0, 0, 32;
    %jmp T_1.4;
T_1.4 ;
    %pop/vec4 1;
    %jmp T_1;
    .thread T_1, $push;
    .scope S_0000020adba63760;
T_2 ;
    %wait E_0000020adbaf9ac0;
    %load/vec4 v0000020adbb6c7a0_0;
    %dup/vec4;
    %pushi/vec4 0, 0, 3;
    %cmp/u;
    %jmp/1 T_2.0, 6;
    %dup/vec4;
    %pushi/vec4 1, 0, 3;
    %cmp/u;
    %jmp/1 T_2.1, 6;
    %dup/vec4;
    %pushi/vec4 2, 0, 3;
    %cmp/u;
    %jmp/1 T_2.2, 6;
    %dup/vec4;
    %pushi/vec4 3, 0, 3;
    %cmp/u;
    %jmp/1 T_2.3, 6;
    %dup/vec4;
    %pushi/vec4 4, 0, 3;
    %cmp/u;
    %jmp/1 T_2.4, 6;
    %pushi/vec4 4294967295, 4294967295, 32;
    %store/vec4 v0000020adbb6c660_0, 0, 32;
    %jmp T_2.6;
T_2.0 ;
    %load/vec4 v0000020adbb6d6a0_0;
    %parti/s 1, 31, 6;
    %replicate 20;
    %load/vec4 v0000020adbb6d6a0_0;
    %parti/s 12, 20, 6;
    %concat/vec4; draw_concat_vec4
    %store/vec4 v0000020adbb6c660_0, 0, 32;
    %jmp T_2.6;
T_2.1 ;
    %load/vec4 v0000020adbb6d6a0_0;
    %parti/s 1, 31, 6;
    %replicate 20;
    %load/vec4 v0000020adbb6d6a0_0;
    %parti/s 7, 25, 6;
    %concat/vec4; draw_concat_vec4
    %load/vec4 v0000020adbb6d6a0_0;
    %parti/s 5, 7, 4;
    %concat/vec4; draw_concat_vec4
    %store/vec4 v0000020adbb6c660_0, 0, 32;
    %jmp T_2.6;
T_2.2 ;
    %load/vec4 v0000020adbb6d6a0_0;
    %parti/s 1, 31, 6;
    %replicate 20;
    %load/vec4 v0000020adbb6d6a0_0;
    %parti/s 1, 7, 4;
    %concat/vec4; draw_concat_vec4
    %load/vec4 v0000020adbb6d6a0_0;
    %parti/s 6, 25, 6;
    %concat/vec4; draw_concat_vec4
    %load/vec4 v0000020adbb6d6a0_0;
    %parti/s 4, 8, 5;
    %concat/vec4; draw_concat_vec4
    %concati/vec4 0, 0, 1;
    %store/vec4 v0000020adbb6c660_0, 0, 32;
    %jmp T_2.6;
T_2.3 ;
    %load/vec4 v0000020adbb6d6a0_0;
    %parti/s 1, 31, 6;
    %replicate 12;
    %load/vec4 v0000020adbb6d6a0_0;
    %parti/s 8, 12, 5;
    %concat/vec4; draw_concat_vec4
    %load/vec4 v0000020adbb6d6a0_0;
    %parti/s 1, 20, 6;
    %concat/vec4; draw_concat_vec4
    %load/vec4 v0000020adbb6d6a0_0;
    %parti/s 10, 21, 6;
    %concat/vec4; draw_concat_vec4
    %concati/vec4 0, 0, 1;
    %store/vec4 v0000020adbb6c660_0, 0, 32;
    %jmp T_2.6;
T_2.4 ;
    %load/vec4 v0000020adbb6d6a0_0;
    %parti/s 20, 12, 5;
    %concati/vec4 0, 0, 12;
    %store/vec4 v0000020adbb6c660_0, 0, 32;
    %jmp T_2.6;
T_2.6 ;
    %pop/vec4 1;
    %jmp T_2;
    .thread T_2, $push;
    .scope S_0000020adba6bdf0;
T_3 ;
    %wait E_0000020adbaf9540;
    %load/vec4 v0000020adbb6baf0_0;
    %flag_set/vec4 8;
    %jmp/0xz  T_3.0, 8;
    %pushi/vec4 0, 0, 32;
    %assign/vec4 v0000020adbb6bf50_0, 0;
    %jmp T_3.1;
T_3.0 ;
    %load/vec4 v0000020adbb6b550_0;
    %assign/vec4 v0000020adbb6bf50_0, 0;
T_3.1 ;
    %jmp T_3;
    .thread T_3;
    .scope S_0000020adba63c90;
T_4 ;
    %pushi/vec4 0, 0, 32;
    %store/vec4 v0000020adbb6c980_0, 0, 32;
T_4.0 ;
    %load/vec4 v0000020adbb6c980_0;
    %cmpi/s 32, 0, 32;
    %jmp/0xz T_4.1, 5;
    %pushi/vec4 0, 0, 32;
    %ix/getv/s 4, v0000020adbb6c980_0;
    %store/vec4a v0000020adbb6cde0, 4, 0;
    %load/vec4 v0000020adbb6c980_0;
    %addi 1, 0, 32;
    %store/vec4 v0000020adbb6c980_0, 0, 32;
    %jmp T_4.0;
T_4.1 ;
    %end;
    .thread T_4;
    .scope S_0000020adba63c90;
T_5 ;
    %wait E_0000020adbaff200;
    %load/vec4 v0000020adbb6d600_0;
    %flag_set/vec4 9;
    %flag_get/vec4 9;
    %jmp/0 T_5.2, 9;
    %load/vec4 v0000020adbb6cb60_0;
    %pad/u 32;
    %pushi/vec4 0, 0, 32;
    %cmp/ne;
    %flag_get/vec4 4;
    %and;
T_5.2;
    %flag_set/vec4 8;
    %jmp/0xz  T_5.0, 8;
    %load/vec4 v0000020adbb6d740_0;
    %load/vec4 v0000020adbb6cb60_0;
    %pad/u 7;
    %ix/vec4 3;
    %ix/load 4, 0, 0; Constant delay
    %assign/vec4/a/d v0000020adbb6cde0, 0, 4;
T_5.0 ;
    %jmp T_5;
    .thread T_5;
    .scope S_0000020adba27ed0;
T_6 ;
    %wait E_0000020adbaff040;
    %load/vec4 v0000020adbb6ab50_0;
    %dup/vec4;
    %pushi/vec4 0, 0, 1;
    %cmp/u;
    %jmp/1 T_6.0, 6;
    %dup/vec4;
    %pushi/vec4 1, 0, 1;
    %cmp/u;
    %jmp/1 T_6.1, 6;
    %jmp T_6.2;
T_6.0 ;
    %load/vec4 v0000020adbb6ba50_0;
    %store/vec4 v0000020adbb6c090_0, 0, 32;
    %jmp T_6.2;
T_6.1 ;
    %load/vec4 v0000020adbb6b370_0;
    %store/vec4 v0000020adbb6c090_0, 0, 32;
    %jmp T_6.2;
T_6.2 ;
    %pop/vec4 1;
    %jmp T_6;
    .thread T_6, $push;
    .scope S_0000020adba28060;
T_7 ;
    %wait E_0000020adbb00a80;
    %pushi/vec4 0, 0, 32;
    %store/vec4 v0000020adbb6b7d0_0, 0, 32;
    %pushi/vec4 0, 0, 33;
    %store/vec4 v0000020adbb6b730_0, 0, 33;
    %pushi/vec4 0, 0, 1;
    %store/vec4 v0000020adbb6c270_0, 0, 1;
    %pushi/vec4 0, 0, 1;
    %store/vec4 v0000020adbb6abf0_0, 0, 1;
    %pushi/vec4 0, 0, 1;
    %store/vec4 v0000020adbb6b0f0_0, 0, 1;
    %pushi/vec4 0, 0, 1;
    %store/vec4 v0000020adbb6af10_0, 0, 1;
    %load/vec4 v0000020adbb6b2d0_0;
    %dup/vec4;
    %pushi/vec4 0, 0, 4;
    %cmp/u;
    %jmp/1 T_7.0, 6;
    %dup/vec4;
    %pushi/vec4 1, 0, 4;
    %cmp/u;
    %jmp/1 T_7.1, 6;
    %dup/vec4;
    %pushi/vec4 2, 0, 4;
    %cmp/u;
    %jmp/1 T_7.2, 6;
    %dup/vec4;
    %pushi/vec4 3, 0, 4;
    %cmp/u;
    %jmp/1 T_7.3, 6;
    %dup/vec4;
    %pushi/vec4 4, 0, 4;
    %cmp/u;
    %jmp/1 T_7.4, 6;
    %dup/vec4;
    %pushi/vec4 5, 0, 4;
    %cmp/u;
    %jmp/1 T_7.5, 6;
    %dup/vec4;
    %pushi/vec4 6, 0, 4;
    %cmp/u;
    %jmp/1 T_7.6, 6;
    %dup/vec4;
    %pushi/vec4 7, 0, 4;
    %cmp/u;
    %jmp/1 T_7.7, 6;
    %dup/vec4;
    %pushi/vec4 8, 0, 4;
    %cmp/u;
    %jmp/1 T_7.8, 6;
    %dup/vec4;
    %pushi/vec4 9, 0, 4;
    %cmp/u;
    %jmp/1 T_7.9, 6;
    %dup/vec4;
    %pushi/vec4 10, 0, 4;
    %cmp/u;
    %jmp/1 T_7.10, 6;
    %dup/vec4;
    %pushi/vec4 11, 0, 4;
    %cmp/u;
    %jmp/1 T_7.11, 6;
    %dup/vec4;
    %pushi/vec4 12, 0, 4;
    %cmp/u;
    %jmp/1 T_7.12, 6;
    %pushi/vec4 0, 0, 32;
    %store/vec4 v0000020adbb6b7d0_0, 0, 32;
    %jmp T_7.14;
T_7.0 ;
    %pushi/vec4 0, 0, 1;
    %load/vec4 v0000020adbb6aa10_0;
    %concat/vec4; draw_concat_vec4
    %pushi/vec4 0, 0, 1;
    %load/vec4 v0000020adbb6afb0_0;
    %concat/vec4; draw_concat_vec4
    %add;
    %store/vec4 v0000020adbb6b730_0, 0, 33;
    %load/vec4 v0000020adbb6b730_0;
    %parti/s 32, 0, 2;
    %store/vec4 v0000020adbb6b7d0_0, 0, 32;
    %load/vec4 v0000020adbb6b730_0;
    %parti/s 1, 32, 7;
    %store/vec4 v0000020adbb6b0f0_0, 0, 1;
    %load/vec4 v0000020adbb6aa10_0;
    %parti/s 1, 31, 6;
    %inv;
    %load/vec4 v0000020adbb6afb0_0;
    %parti/s 1, 31, 6;
    %inv;
    %and;
    %load/vec4 v0000020adbb6b7d0_0;
    %parti/s 1, 31, 6;
    %and;
    %load/vec4 v0000020adbb6aa10_0;
    %parti/s 1, 31, 6;
    %load/vec4 v0000020adbb6afb0_0;
    %parti/s 1, 31, 6;
    %and;
    %load/vec4 v0000020adbb6b7d0_0;
    %parti/s 1, 31, 6;
    %inv;
    %and;
    %or;
    %store/vec4 v0000020adbb6abf0_0, 0, 1;
    %jmp T_7.14;
T_7.1 ;
    %pushi/vec4 0, 0, 1;
    %load/vec4 v0000020adbb6aa10_0;
    %concat/vec4; draw_concat_vec4
    %pushi/vec4 0, 0, 1;
    %load/vec4 v0000020adbb6afb0_0;
    %inv;
    %concat/vec4; draw_concat_vec4
    %add;
    %addi 1, 0, 33;
    %store/vec4 v0000020adbb6b730_0, 0, 33;
    %load/vec4 v0000020adbb6b730_0;
    %parti/s 32, 0, 2;
    %store/vec4 v0000020adbb6b7d0_0, 0, 32;
    %load/vec4 v0000020adbb6b730_0;
    %parti/s 1, 32, 7;
    %store/vec4 v0000020adbb6b0f0_0, 0, 1;
    %load/vec4 v0000020adbb6aa10_0;
    %parti/s 1, 31, 6;
    %load/vec4 v0000020adbb6afb0_0;
    %parti/s 1, 31, 6;
    %inv;
    %and;
    %load/vec4 v0000020adbb6b7d0_0;
    %parti/s 1, 31, 6;
    %inv;
    %and;
    %load/vec4 v0000020adbb6aa10_0;
    %parti/s 1, 31, 6;
    %inv;
    %load/vec4 v0000020adbb6afb0_0;
    %parti/s 1, 31, 6;
    %and;
    %load/vec4 v0000020adbb6b7d0_0;
    %parti/s 1, 31, 6;
    %and;
    %or;
    %store/vec4 v0000020adbb6abf0_0, 0, 1;
    %jmp T_7.14;
T_7.2 ;
    %load/vec4 v0000020adbb6aa10_0;
    %load/vec4 v0000020adbb6afb0_0;
    %and;
    %store/vec4 v0000020adbb6b7d0_0, 0, 32;
    %jmp T_7.14;
T_7.3 ;
    %load/vec4 v0000020adbb6aa10_0;
    %load/vec4 v0000020adbb6afb0_0;
    %or;
    %store/vec4 v0000020adbb6b7d0_0, 0, 32;
    %jmp T_7.14;
T_7.4 ;
    %load/vec4 v0000020adbb6aa10_0;
    %load/vec4 v0000020adbb6afb0_0;
    %xor;
    %store/vec4 v0000020adbb6b7d0_0, 0, 32;
    %jmp T_7.14;
T_7.5 ;
    %pushi/vec4 0, 0, 31;
    %load/vec4 v0000020adbb6aa10_0;
    %load/vec4 v0000020adbb6afb0_0;
    %cmp/s;
    %flag_get/vec4 5;
    %concat/vec4; draw_concat_vec4
    %store/vec4 v0000020adbb6b7d0_0, 0, 32;
    %jmp T_7.14;
T_7.6 ;
    %pushi/vec4 0, 0, 31;
    %load/vec4 v0000020adbb6aa10_0;
    %load/vec4 v0000020adbb6afb0_0;
    %cmp/u;
    %flag_get/vec4 5;
    %concat/vec4; draw_concat_vec4
    %store/vec4 v0000020adbb6b7d0_0, 0, 32;
    %jmp T_7.14;
T_7.7 ;
    %load/vec4 v0000020adbb6aa10_0;
    %parti/s 20, 12, 5;
    %concati/vec4 0, 0, 12;
    %store/vec4 v0000020adbb6b7d0_0, 0, 32;
    %jmp T_7.14;
T_7.8 ;
    %load/vec4 v0000020adbb6aa10_0;
    %load/vec4 v0000020adbb6afb0_0;
    %parti/s 20, 12, 5;
    %concati/vec4 0, 0, 12;
    %add;
    %store/vec4 v0000020adbb6b7d0_0, 0, 32;
    %jmp T_7.14;
T_7.9 ;
    %load/vec4 v0000020adbb6afb0_0;
    %parti/s 20, 12, 5;
    %concati/vec4 0, 0, 12;
    %store/vec4 v0000020adbb6b7d0_0, 0, 32;
    %jmp T_7.14;
T_7.10 ;
    %load/vec4 v0000020adbb6aa10_0;
    %load/vec4 v0000020adbb6afb0_0;
    %parti/s 5, 0, 2;
    %ix/vec4 4;
    %shiftl 4;
    %store/vec4 v0000020adbb6b7d0_0, 0, 32;
    %jmp T_7.14;
T_7.11 ;
    %load/vec4 v0000020adbb6aa10_0;
    %load/vec4 v0000020adbb6afb0_0;
    %parti/s 5, 0, 2;
    %ix/vec4 4;
    %shiftr 4;
    %store/vec4 v0000020adbb6b7d0_0, 0, 32;
    %jmp T_7.14;
T_7.12 ;
    %load/vec4 v0000020adbb6aa10_0;
    %load/vec4 v0000020adbb6afb0_0;
    %parti/s 5, 0, 2;
    %ix/vec4 4;
    %shiftr/s 4;
    %store/vec4 v0000020adbb6b7d0_0, 0, 32;
    %jmp T_7.14;
T_7.14 ;
    %pop/vec4 1;
    %load/vec4 v0000020adbb6b7d0_0;
    %pushi/vec4 0, 0, 32;
    %cmp/e;
    %flag_get/vec4 4;
    %store/vec4 v0000020adbb6c270_0, 0, 1;
    %load/vec4 v0000020adbb6b7d0_0;
    %parti/s 1, 31, 6;
    %store/vec4 v0000020adbb6af10_0, 0, 1;
    %load/vec4 v0000020adbb6af10_0;
    %load/vec4 v0000020adbb6abf0_0;
    %xor;
    %store/vec4 v0000020adbb6c1d0_0, 0, 1;
    %jmp T_7;
    .thread T_7, $push;
    .scope S_0000020adba63e20;
T_8 ;
    %wait E_0000020adbaf8ec0;
    %load/vec4 v0000020adbb6d4c0_0;
    %dup/vec4;
    %pushi/vec4 0, 0, 2;
    %cmp/u;
    %jmp/1 T_8.0, 6;
    %dup/vec4;
    %pushi/vec4 1, 0, 2;
    %cmp/u;
    %jmp/1 T_8.1, 6;
    %dup/vec4;
    %pushi/vec4 2, 0, 2;
    %cmp/u;
    %jmp/1 T_8.2, 6;
    %dup/vec4;
    %pushi/vec4 3, 0, 2;
    %cmp/u;
    %jmp/1 T_8.3, 6;
    %jmp T_8.4;
T_8.0 ;
    %load/vec4 v0000020adbb6e140_0;
    %store/vec4 v0000020adbb6d100_0, 0, 32;
    %jmp T_8.4;
T_8.1 ;
    %load/vec4 v0000020adbb6d060_0;
    %store/vec4 v0000020adbb6d100_0, 0, 32;
    %jmp T_8.4;
T_8.2 ;
    %load/vec4 v0000020adbb6d560_0;
    %store/vec4 v0000020adbb6d100_0, 0, 32;
    %jmp T_8.4;
T_8.3 ;
    %load/vec4 v0000020adbb6cf20_0;
    %store/vec4 v0000020adbb6d100_0, 0, 32;
    %jmp T_8.4;
T_8.4 ;
    %pop/vec4 1;
    %jmp T_8;
    .thread T_8, $push;
    .scope S_0000020adba6c2f0;
T_9 ;
    %wait E_0000020adbaff100;
    %load/vec4 v0000020adbb067c0_0;
    %dup/vec4;
    %pushi/vec4 0, 0, 7;
    %cmp/u;
    %jmp/1 T_9.0, 6;
    %dup/vec4;
    %pushi/vec4 3, 0, 7;
    %cmp/u;
    %jmp/1 T_9.1, 6;
    %dup/vec4;
    %pushi/vec4 35, 0, 7;
    %cmp/u;
    %jmp/1 T_9.2, 6;
    %dup/vec4;
    %pushi/vec4 51, 0, 7;
    %cmp/u;
    %jmp/1 T_9.3, 6;
    %dup/vec4;
    %pushi/vec4 19, 0, 7;
    %cmp/u;
    %jmp/1 T_9.4, 6;
    %dup/vec4;
    %pushi/vec4 99, 0, 7;
    %cmp/u;
    %jmp/1 T_9.5, 6;
    %dup/vec4;
    %pushi/vec4 111, 0, 7;
    %cmp/u;
    %jmp/1 T_9.6, 6;
    %dup/vec4;
    %pushi/vec4 103, 0, 7;
    %cmp/u;
    %jmp/1 T_9.7, 6;
    %dup/vec4;
    %pushi/vec4 55, 0, 7;
    %cmp/u;
    %jmp/1 T_9.8, 6;
    %dup/vec4;
    %pushi/vec4 23, 0, 7;
    %cmp/u;
    %jmp/1 T_9.9, 6;
    %pushi/vec4 0, 0, 1;
    %store/vec4 v0000020adbb06400_0, 0, 1;
    %pushi/vec4 0, 0, 3;
    %store/vec4 v0000020adbb06900_0, 0, 3;
    %pushi/vec4 0, 0, 1;
    %store/vec4 v0000020adbb05d20_0, 0, 1;
    %pushi/vec4 0, 0, 1;
    %store/vec4 v0000020adbb05460_0, 0, 1;
    %pushi/vec4 0, 0, 2;
    %store/vec4 v0000020adbb056e0_0, 0, 2;
    %pushi/vec4 0, 0, 1;
    %store/vec4 v0000020adbb04f60_0, 0, 1;
    %pushi/vec4 0, 0, 2;
    %store/vec4 v0000020adbb062c0_0, 0, 2;
    %pushi/vec4 0, 0, 1;
    %store/vec4 v0000020adbb06360_0, 0, 1;
    %pushi/vec4 0, 0, 1;
    %store/vec4 v0000020adbb05140_0, 0, 1;
    %jmp T_9.11;
T_9.0 ;
    %pushi/vec4 0, 0, 1;
    %store/vec4 v0000020adbb06400_0, 0, 1;
    %pushi/vec4 0, 0, 3;
    %store/vec4 v0000020adbb06900_0, 0, 3;
    %pushi/vec4 0, 0, 1;
    %store/vec4 v0000020adbb05d20_0, 0, 1;
    %pushi/vec4 0, 0, 1;
    %store/vec4 v0000020adbb05460_0, 0, 1;
    %pushi/vec4 0, 0, 2;
    %store/vec4 v0000020adbb056e0_0, 0, 2;
    %pushi/vec4 0, 0, 1;
    %store/vec4 v0000020adbb04f60_0, 0, 1;
    %pushi/vec4 0, 0, 2;
    %store/vec4 v0000020adbb062c0_0, 0, 2;
    %pushi/vec4 0, 0, 1;
    %store/vec4 v0000020adbb06360_0, 0, 1;
    %pushi/vec4 0, 0, 1;
    %store/vec4 v0000020adbb05140_0, 0, 1;
    %jmp T_9.11;
T_9.1 ;
    %pushi/vec4 1, 0, 1;
    %store/vec4 v0000020adbb06400_0, 0, 1;
    %pushi/vec4 0, 0, 3;
    %store/vec4 v0000020adbb06900_0, 0, 3;
    %pushi/vec4 1, 0, 1;
    %store/vec4 v0000020adbb05d20_0, 0, 1;
    %pushi/vec4 0, 0, 1;
    %store/vec4 v0000020adbb05460_0, 0, 1;
    %pushi/vec4 1, 0, 2;
    %store/vec4 v0000020adbb056e0_0, 0, 2;
    %pushi/vec4 0, 0, 1;
    %store/vec4 v0000020adbb04f60_0, 0, 1;
    %pushi/vec4 0, 0, 2;
    %store/vec4 v0000020adbb062c0_0, 0, 2;
    %pushi/vec4 0, 0, 1;
    %store/vec4 v0000020adbb06360_0, 0, 1;
    %pushi/vec4 0, 0, 1;
    %store/vec4 v0000020adbb05140_0, 0, 1;
    %jmp T_9.11;
T_9.2 ;
    %pushi/vec4 0, 0, 1;
    %store/vec4 v0000020adbb06400_0, 0, 1;
    %pushi/vec4 1, 0, 3;
    %store/vec4 v0000020adbb06900_0, 0, 3;
    %pushi/vec4 1, 0, 1;
    %store/vec4 v0000020adbb05d20_0, 0, 1;
    %pushi/vec4 1, 0, 1;
    %store/vec4 v0000020adbb05460_0, 0, 1;
    %pushi/vec4 0, 0, 2;
    %store/vec4 v0000020adbb056e0_0, 0, 2;
    %pushi/vec4 0, 0, 1;
    %store/vec4 v0000020adbb04f60_0, 0, 1;
    %pushi/vec4 0, 0, 2;
    %store/vec4 v0000020adbb062c0_0, 0, 2;
    %pushi/vec4 0, 0, 1;
    %store/vec4 v0000020adbb06360_0, 0, 1;
    %pushi/vec4 0, 0, 1;
    %store/vec4 v0000020adbb05140_0, 0, 1;
    %jmp T_9.11;
T_9.3 ;
    %pushi/vec4 1, 0, 1;
    %store/vec4 v0000020adbb06400_0, 0, 1;
    %pushi/vec4 7, 7, 3;
    %store/vec4 v0000020adbb06900_0, 0, 3;
    %pushi/vec4 0, 0, 1;
    %store/vec4 v0000020adbb05d20_0, 0, 1;
    %pushi/vec4 0, 0, 1;
    %store/vec4 v0000020adbb05460_0, 0, 1;
    %pushi/vec4 0, 0, 2;
    %store/vec4 v0000020adbb056e0_0, 0, 2;
    %pushi/vec4 0, 0, 1;
    %store/vec4 v0000020adbb04f60_0, 0, 1;
    %pushi/vec4 2, 0, 2;
    %store/vec4 v0000020adbb062c0_0, 0, 2;
    %pushi/vec4 0, 0, 1;
    %store/vec4 v0000020adbb06360_0, 0, 1;
    %pushi/vec4 0, 0, 1;
    %store/vec4 v0000020adbb05140_0, 0, 1;
    %jmp T_9.11;
T_9.4 ;
    %pushi/vec4 1, 0, 1;
    %store/vec4 v0000020adbb06400_0, 0, 1;
    %pushi/vec4 0, 0, 3;
    %store/vec4 v0000020adbb06900_0, 0, 3;
    %pushi/vec4 1, 0, 1;
    %store/vec4 v0000020adbb05d20_0, 0, 1;
    %pushi/vec4 0, 0, 1;
    %store/vec4 v0000020adbb05460_0, 0, 1;
    %pushi/vec4 0, 0, 2;
    %store/vec4 v0000020adbb056e0_0, 0, 2;
    %pushi/vec4 0, 0, 1;
    %store/vec4 v0000020adbb04f60_0, 0, 1;
    %pushi/vec4 2, 0, 2;
    %store/vec4 v0000020adbb062c0_0, 0, 2;
    %pushi/vec4 0, 0, 1;
    %store/vec4 v0000020adbb06360_0, 0, 1;
    %pushi/vec4 0, 0, 1;
    %store/vec4 v0000020adbb05140_0, 0, 1;
    %jmp T_9.11;
T_9.5 ;
    %pushi/vec4 0, 0, 1;
    %store/vec4 v0000020adbb06400_0, 0, 1;
    %pushi/vec4 2, 0, 3;
    %store/vec4 v0000020adbb06900_0, 0, 3;
    %pushi/vec4 0, 0, 1;
    %store/vec4 v0000020adbb05d20_0, 0, 1;
    %pushi/vec4 0, 0, 1;
    %store/vec4 v0000020adbb05460_0, 0, 1;
    %pushi/vec4 0, 0, 2;
    %store/vec4 v0000020adbb056e0_0, 0, 2;
    %pushi/vec4 1, 0, 1;
    %store/vec4 v0000020adbb04f60_0, 0, 1;
    %pushi/vec4 1, 0, 2;
    %store/vec4 v0000020adbb062c0_0, 0, 2;
    %pushi/vec4 0, 0, 1;
    %store/vec4 v0000020adbb06360_0, 0, 1;
    %pushi/vec4 0, 0, 1;
    %store/vec4 v0000020adbb05140_0, 0, 1;
    %jmp T_9.11;
T_9.6 ;
    %pushi/vec4 1, 0, 1;
    %store/vec4 v0000020adbb06400_0, 0, 1;
    %pushi/vec4 3, 0, 3;
    %store/vec4 v0000020adbb06900_0, 0, 3;
    %pushi/vec4 0, 0, 1;
    %store/vec4 v0000020adbb05d20_0, 0, 1;
    %pushi/vec4 0, 0, 1;
    %store/vec4 v0000020adbb05460_0, 0, 1;
    %pushi/vec4 2, 0, 2;
    %store/vec4 v0000020adbb056e0_0, 0, 2;
    %pushi/vec4 0, 0, 1;
    %store/vec4 v0000020adbb04f60_0, 0, 1;
    %pushi/vec4 0, 0, 2;
    %store/vec4 v0000020adbb062c0_0, 0, 2;
    %pushi/vec4 1, 0, 1;
    %store/vec4 v0000020adbb06360_0, 0, 1;
    %pushi/vec4 0, 0, 1;
    %store/vec4 v0000020adbb05140_0, 0, 1;
    %jmp T_9.11;
T_9.7 ;
    %pushi/vec4 1, 0, 1;
    %store/vec4 v0000020adbb06400_0, 0, 1;
    %pushi/vec4 0, 0, 3;
    %store/vec4 v0000020adbb06900_0, 0, 3;
    %pushi/vec4 1, 0, 1;
    %store/vec4 v0000020adbb05d20_0, 0, 1;
    %pushi/vec4 0, 0, 1;
    %store/vec4 v0000020adbb05460_0, 0, 1;
    %pushi/vec4 2, 0, 2;
    %store/vec4 v0000020adbb056e0_0, 0, 2;
    %pushi/vec4 0, 0, 1;
    %store/vec4 v0000020adbb04f60_0, 0, 1;
    %pushi/vec4 0, 0, 2;
    %store/vec4 v0000020adbb062c0_0, 0, 2;
    %pushi/vec4 1, 0, 1;
    %store/vec4 v0000020adbb06360_0, 0, 1;
    %pushi/vec4 1, 0, 1;
    %store/vec4 v0000020adbb05140_0, 0, 1;
    %jmp T_9.11;
T_9.8 ;
    %pushi/vec4 1, 0, 1;
    %store/vec4 v0000020adbb06400_0, 0, 1;
    %pushi/vec4 4, 0, 3;
    %store/vec4 v0000020adbb06900_0, 0, 3;
    %pushi/vec4 1, 0, 1;
    %store/vec4 v0000020adbb05d20_0, 0, 1;
    %pushi/vec4 0, 0, 1;
    %store/vec4 v0000020adbb05460_0, 0, 1;
    %pushi/vec4 0, 0, 2;
    %store/vec4 v0000020adbb056e0_0, 0, 2;
    %pushi/vec4 0, 0, 1;
    %store/vec4 v0000020adbb04f60_0, 0, 1;
    %pushi/vec4 3, 0, 2;
    %store/vec4 v0000020adbb062c0_0, 0, 2;
    %pushi/vec4 0, 0, 1;
    %store/vec4 v0000020adbb06360_0, 0, 1;
    %pushi/vec4 0, 0, 1;
    %store/vec4 v0000020adbb05140_0, 0, 1;
    %jmp T_9.11;
T_9.9 ;
    %pushi/vec4 1, 0, 1;
    %store/vec4 v0000020adbb06400_0, 0, 1;
    %pushi/vec4 4, 0, 3;
    %store/vec4 v0000020adbb06900_0, 0, 3;
    %pushi/vec4 1, 0, 1;
    %store/vec4 v0000020adbb05d20_0, 0, 1;
    %pushi/vec4 0, 0, 1;
    %store/vec4 v0000020adbb05460_0, 0, 1;
    %pushi/vec4 3, 0, 2;
    %store/vec4 v0000020adbb056e0_0, 0, 2;
    %pushi/vec4 0, 0, 1;
    %store/vec4 v0000020adbb04f60_0, 0, 1;
    %pushi/vec4 0, 0, 2;
    %store/vec4 v0000020adbb062c0_0, 0, 2;
    %pushi/vec4 0, 0, 1;
    %store/vec4 v0000020adbb06360_0, 0, 1;
    %pushi/vec4 0, 0, 1;
    %store/vec4 v0000020adbb05140_0, 0, 1;
    %jmp T_9.11;
T_9.11 ;
    %pop/vec4 1;
    %jmp T_9;
    .thread T_9, $push;
    .scope S_0000020adba6c160;
T_10 ;
    %wait E_0000020adbaff000;
    %load/vec4 v0000020adbb05e60_0;
    %dup/vec4;
    %pushi/vec4 0, 0, 2;
    %cmp/u;
    %jmp/1 T_10.0, 6;
    %dup/vec4;
    %pushi/vec4 1, 0, 2;
    %cmp/u;
    %jmp/1 T_10.1, 6;
    %dup/vec4;
    %pushi/vec4 2, 0, 2;
    %cmp/u;
    %jmp/1 T_10.2, 6;
    %dup/vec4;
    %pushi/vec4 3, 0, 2;
    %cmp/u;
    %jmp/1 T_10.3, 6;
    %pushi/vec4 15, 15, 4;
    %store/vec4 v0000020adbb04e20_0, 0, 4;
    %jmp T_10.5;
T_10.0 ;
    %pushi/vec4 0, 0, 4;
    %store/vec4 v0000020adbb04e20_0, 0, 4;
    %jmp T_10.5;
T_10.1 ;
    %pushi/vec4 1, 0, 4;
    %store/vec4 v0000020adbb04e20_0, 0, 4;
    %jmp T_10.5;
T_10.2 ;
    %load/vec4 v0000020adbb04ec0_0;
    %dup/vec4;
    %pushi/vec4 0, 0, 3;
    %cmp/u;
    %jmp/1 T_10.6, 6;
    %dup/vec4;
    %pushi/vec4 1, 0, 3;
    %cmp/u;
    %jmp/1 T_10.7, 6;
    %dup/vec4;
    %pushi/vec4 2, 0, 3;
    %cmp/u;
    %jmp/1 T_10.8, 6;
    %dup/vec4;
    %pushi/vec4 3, 0, 3;
    %cmp/u;
    %jmp/1 T_10.9, 6;
    %dup/vec4;
    %pushi/vec4 4, 0, 3;
    %cmp/u;
    %jmp/1 T_10.10, 6;
    %dup/vec4;
    %pushi/vec4 5, 0, 3;
    %cmp/u;
    %jmp/1 T_10.11, 6;
    %dup/vec4;
    %pushi/vec4 6, 0, 3;
    %cmp/u;
    %jmp/1 T_10.12, 6;
    %dup/vec4;
    %pushi/vec4 7, 0, 3;
    %cmp/u;
    %jmp/1 T_10.13, 6;
    %pushi/vec4 15, 15, 4;
    %store/vec4 v0000020adbb04e20_0, 0, 4;
    %jmp T_10.15;
T_10.6 ;
    %load/vec4 v0000020adbb06680_0;
    %cmpi/e 1, 0, 1;
    %flag_get/vec4 4;
    %jmp/0 T_10.18, 4;
    %load/vec4 v0000020adbb050a0_0;
    %pushi/vec4 1, 0, 1;
    %cmp/e;
    %flag_get/vec4 4;
    %and;
T_10.18;
    %flag_set/vec4 8;
    %jmp/0xz  T_10.16, 8;
    %pushi/vec4 1, 0, 4;
    %store/vec4 v0000020adbb04e20_0, 0, 4;
    %jmp T_10.17;
T_10.16 ;
    %pushi/vec4 0, 0, 4;
    %store/vec4 v0000020adbb04e20_0, 0, 4;
T_10.17 ;
    %jmp T_10.15;
T_10.7 ;
    %pushi/vec4 10, 0, 4;
    %store/vec4 v0000020adbb04e20_0, 0, 4;
    %jmp T_10.15;
T_10.8 ;
    %pushi/vec4 5, 0, 4;
    %store/vec4 v0000020adbb04e20_0, 0, 4;
    %jmp T_10.15;
T_10.9 ;
    %pushi/vec4 6, 0, 4;
    %store/vec4 v0000020adbb04e20_0, 0, 4;
    %jmp T_10.15;
T_10.10 ;
    %pushi/vec4 4, 0, 4;
    %store/vec4 v0000020adbb04e20_0, 0, 4;
    %jmp T_10.15;
T_10.11 ;
    %load/vec4 v0000020adbb06680_0;
    %cmpi/e 0, 0, 1;
    %jmp/0xz  T_10.19, 4;
    %pushi/vec4 11, 0, 4;
    %store/vec4 v0000020adbb04e20_0, 0, 4;
    %jmp T_10.20;
T_10.19 ;
    %pushi/vec4 12, 0, 4;
    %store/vec4 v0000020adbb04e20_0, 0, 4;
T_10.20 ;
    %jmp T_10.15;
T_10.12 ;
    %pushi/vec4 3, 0, 4;
    %store/vec4 v0000020adbb04e20_0, 0, 4;
    %jmp T_10.15;
T_10.13 ;
    %pushi/vec4 2, 0, 4;
    %store/vec4 v0000020adbb04e20_0, 0, 4;
    %jmp T_10.15;
T_10.15 ;
    %pop/vec4 1;
    %jmp T_10.5;
T_10.3 ;
    %pushi/vec4 9, 0, 4;
    %store/vec4 v0000020adbb04e20_0, 0, 4;
    %jmp T_10.5;
T_10.5 ;
    %pop/vec4 1;
    %jmp T_10;
    .thread T_10, $push;
    .scope S_0000020adba7b310;
T_11 ;
    %wait E_0000020adbafe300;
    %load/vec4 v0000020adbb6a970_0;
    %dup/vec4;
    %pushi/vec4 0, 0, 3;
    %cmp/u;
    %jmp/1 T_11.0, 6;
    %dup/vec4;
    %pushi/vec4 1, 0, 3;
    %cmp/u;
    %jmp/1 T_11.1, 6;
    %dup/vec4;
    %pushi/vec4 4, 0, 3;
    %cmp/u;
    %jmp/1 T_11.2, 6;
    %dup/vec4;
    %pushi/vec4 5, 0, 3;
    %cmp/u;
    %jmp/1 T_11.3, 6;
    %dup/vec4;
    %pushi/vec4 6, 0, 3;
    %cmp/u;
    %jmp/1 T_11.4, 6;
    %dup/vec4;
    %pushi/vec4 7, 0, 3;
    %cmp/u;
    %jmp/1 T_11.5, 6;
    %pushi/vec4 0, 0, 1;
    %store/vec4 v0000020adbb05960_0, 0, 1;
    %jmp T_11.7;
T_11.0 ;
    %load/vec4 v0000020adbabfdc0_0;
    %store/vec4 v0000020adbb05960_0, 0, 1;
    %jmp T_11.7;
T_11.1 ;
    %load/vec4 v0000020adbabfdc0_0;
    %inv;
    %store/vec4 v0000020adbb05960_0, 0, 1;
    %jmp T_11.7;
T_11.2 ;
    %load/vec4 v0000020adbae00f0_0;
    %store/vec4 v0000020adbb05960_0, 0, 1;
    %jmp T_11.7;
T_11.3 ;
    %load/vec4 v0000020adbae00f0_0;
    %inv;
    %store/vec4 v0000020adbb05960_0, 0, 1;
    %jmp T_11.7;
T_11.4 ;
    %load/vec4 v0000020adbb05f00_0;
    %inv;
    %store/vec4 v0000020adbb05960_0, 0, 1;
    %jmp T_11.7;
T_11.5 ;
    %load/vec4 v0000020adbb05f00_0;
    %store/vec4 v0000020adbb05960_0, 0, 1;
    %jmp T_11.7;
T_11.7 ;
    %pop/vec4 1;
    %jmp T_11;
    .thread T_11, $push;
    .scope S_0000020adbb70a40;
T_12 ;
    %vpi_call 18 19 "$readmemh", "test_prog_FULL6.hex", v0000020adbb6fed0 {0 0 0};
    %end;
    .thread T_12;
    .scope S_0000020adba40c30;
T_13 ;
    %wait E_0000020adbaff240;
    %load/vec4 v0000020adbb6a6f0_0;
    %dup/vec4;
    %pushi/vec4 2, 0, 3;
    %cmp/u;
    %jmp/1 T_13.0, 6;
    %dup/vec4;
    %pushi/vec4 0, 0, 3;
    %cmp/u;
    %jmp/1 T_13.1, 6;
    %dup/vec4;
    %pushi/vec4 4, 0, 3;
    %cmp/u;
    %jmp/1 T_13.2, 6;
    %dup/vec4;
    %pushi/vec4 1, 0, 3;
    %cmp/u;
    %jmp/1 T_13.3, 6;
    %dup/vec4;
    %pushi/vec4 5, 0, 3;
    %cmp/u;
    %jmp/1 T_13.4, 6;
    %load/vec4 v0000020adbb6b5f0_0;
    %store/vec4 v0000020adbb6b410_0, 0, 32;
    %jmp T_13.6;
T_13.0 ;
    %load/vec4 v0000020adbb6b5f0_0;
    %store/vec4 v0000020adbb6b410_0, 0, 32;
    %jmp T_13.6;
T_13.1 ;
    %load/vec4 v0000020adbb6a650_0;
    %dup/vec4;
    %pushi/vec4 0, 0, 2;
    %cmp/u;
    %jmp/1 T_13.7, 6;
    %dup/vec4;
    %pushi/vec4 1, 0, 2;
    %cmp/u;
    %jmp/1 T_13.8, 6;
    %dup/vec4;
    %pushi/vec4 2, 0, 2;
    %cmp/u;
    %jmp/1 T_13.9, 6;
    %dup/vec4;
    %pushi/vec4 3, 0, 2;
    %cmp/u;
    %jmp/1 T_13.10, 6;
    %jmp T_13.11;
T_13.7 ;
    %load/vec4 v0000020adbb6b5f0_0;
    %parti/s 1, 7, 4;
    %replicate 24;
    %load/vec4 v0000020adbb6b5f0_0;
    %parti/s 8, 0, 2;
    %concat/vec4; draw_concat_vec4
    %store/vec4 v0000020adbb6b410_0, 0, 32;
    %jmp T_13.11;
T_13.8 ;
    %load/vec4 v0000020adbb6b5f0_0;
    %parti/s 1, 15, 5;
    %replicate 24;
    %load/vec4 v0000020adbb6b5f0_0;
    %parti/s 8, 8, 5;
    %concat/vec4; draw_concat_vec4
    %store/vec4 v0000020adbb6b410_0, 0, 32;
    %jmp T_13.11;
T_13.9 ;
    %load/vec4 v0000020adbb6b5f0_0;
    %parti/s 1, 23, 6;
    %replicate 24;
    %load/vec4 v0000020adbb6b5f0_0;
    %parti/s 8, 16, 6;
    %concat/vec4; draw_concat_vec4
    %store/vec4 v0000020adbb6b410_0, 0, 32;
    %jmp T_13.11;
T_13.10 ;
    %load/vec4 v0000020adbb6b5f0_0;
    %parti/s 1, 31, 6;
    %replicate 24;
    %load/vec4 v0000020adbb6b5f0_0;
    %parti/s 8, 24, 6;
    %concat/vec4; draw_concat_vec4
    %store/vec4 v0000020adbb6b410_0, 0, 32;
    %jmp T_13.11;
T_13.11 ;
    %pop/vec4 1;
    %jmp T_13.6;
T_13.2 ;
    %load/vec4 v0000020adbb6a650_0;
    %dup/vec4;
    %pushi/vec4 0, 0, 2;
    %cmp/u;
    %jmp/1 T_13.12, 6;
    %dup/vec4;
    %pushi/vec4 1, 0, 2;
    %cmp/u;
    %jmp/1 T_13.13, 6;
    %dup/vec4;
    %pushi/vec4 2, 0, 2;
    %cmp/u;
    %jmp/1 T_13.14, 6;
    %dup/vec4;
    %pushi/vec4 3, 0, 2;
    %cmp/u;
    %jmp/1 T_13.15, 6;
    %jmp T_13.16;
T_13.12 ;
    %pushi/vec4 0, 0, 24;
    %load/vec4 v0000020adbb6b5f0_0;
    %parti/s 8, 0, 2;
    %concat/vec4; draw_concat_vec4
    %store/vec4 v0000020adbb6b410_0, 0, 32;
    %jmp T_13.16;
T_13.13 ;
    %pushi/vec4 0, 0, 24;
    %load/vec4 v0000020adbb6b5f0_0;
    %parti/s 8, 8, 5;
    %concat/vec4; draw_concat_vec4
    %store/vec4 v0000020adbb6b410_0, 0, 32;
    %jmp T_13.16;
T_13.14 ;
    %pushi/vec4 0, 0, 24;
    %load/vec4 v0000020adbb6b5f0_0;
    %parti/s 8, 16, 6;
    %concat/vec4; draw_concat_vec4
    %store/vec4 v0000020adbb6b410_0, 0, 32;
    %jmp T_13.16;
T_13.15 ;
    %pushi/vec4 0, 0, 24;
    %load/vec4 v0000020adbb6b5f0_0;
    %parti/s 8, 24, 6;
    %concat/vec4; draw_concat_vec4
    %store/vec4 v0000020adbb6b410_0, 0, 32;
    %jmp T_13.16;
T_13.16 ;
    %pop/vec4 1;
    %jmp T_13.6;
T_13.3 ;
    %load/vec4 v0000020adbb6a650_0;
    %parti/s 1, 1, 2;
    %dup/vec4;
    %pushi/vec4 0, 0, 1;
    %cmp/u;
    %jmp/1 T_13.17, 6;
    %dup/vec4;
    %pushi/vec4 1, 0, 1;
    %cmp/u;
    %jmp/1 T_13.18, 6;
    %jmp T_13.19;
T_13.17 ;
    %load/vec4 v0000020adbb6b5f0_0;
    %parti/s 1, 15, 5;
    %replicate 16;
    %load/vec4 v0000020adbb6b5f0_0;
    %parti/s 16, 0, 2;
    %concat/vec4; draw_concat_vec4
    %store/vec4 v0000020adbb6b410_0, 0, 32;
    %jmp T_13.19;
T_13.18 ;
    %load/vec4 v0000020adbb6b5f0_0;
    %parti/s 1, 31, 6;
    %replicate 16;
    %load/vec4 v0000020adbb6b5f0_0;
    %parti/s 16, 16, 6;
    %concat/vec4; draw_concat_vec4
    %store/vec4 v0000020adbb6b410_0, 0, 32;
    %jmp T_13.19;
T_13.19 ;
    %pop/vec4 1;
    %jmp T_13.6;
T_13.4 ;
    %load/vec4 v0000020adbb6a650_0;
    %parti/s 1, 1, 2;
    %dup/vec4;
    %pushi/vec4 0, 0, 1;
    %cmp/u;
    %jmp/1 T_13.20, 6;
    %dup/vec4;
    %pushi/vec4 1, 0, 1;
    %cmp/u;
    %jmp/1 T_13.21, 6;
    %jmp T_13.22;
T_13.20 ;
    %pushi/vec4 0, 0, 16;
    %load/vec4 v0000020adbb6b5f0_0;
    %parti/s 16, 0, 2;
    %concat/vec4; draw_concat_vec4
    %store/vec4 v0000020adbb6b410_0, 0, 32;
    %jmp T_13.22;
T_13.21 ;
    %pushi/vec4 0, 0, 16;
    %load/vec4 v0000020adbb6b5f0_0;
    %parti/s 16, 16, 6;
    %concat/vec4; draw_concat_vec4
    %store/vec4 v0000020adbb6b410_0, 0, 32;
    %jmp T_13.22;
T_13.22 ;
    %pop/vec4 1;
    %jmp T_13.6;
T_13.6 ;
    %pop/vec4 1;
    %jmp T_13;
    .thread T_13, $push;
    .scope S_0000020adba40c30;
T_14 ;
    %wait E_0000020adbaff200;
    %load/vec4 v0000020adbb6bd70_0;
    %flag_set/vec4 8;
    %jmp/0xz  T_14.0, 8;
    %load/vec4 v0000020adbb6a6f0_0;
    %dup/vec4;
    %pushi/vec4 2, 0, 3;
    %cmp/u;
    %jmp/1 T_14.2, 6;
    %dup/vec4;
    %pushi/vec4 0, 0, 3;
    %cmp/u;
    %jmp/1 T_14.3, 6;
    %dup/vec4;
    %pushi/vec4 1, 0, 3;
    %cmp/u;
    %jmp/1 T_14.4, 6;
    %jmp T_14.5;
T_14.2 ;
    %load/vec4 v0000020adbb6be10_0;
    %load/vec4 v0000020adbb6aab0_0;
    %parti/s 30, 2, 3;
    %ix/vec4 3;
    %ix/load 4, 0, 0; Constant delay
    %assign/vec4/a/d v0000020adbb6c130, 0, 4;
    %jmp T_14.5;
T_14.3 ;
    %load/vec4 v0000020adbb6a650_0;
    %dup/vec4;
    %pushi/vec4 0, 0, 2;
    %cmp/u;
    %jmp/1 T_14.6, 6;
    %dup/vec4;
    %pushi/vec4 1, 0, 2;
    %cmp/u;
    %jmp/1 T_14.7, 6;
    %dup/vec4;
    %pushi/vec4 2, 0, 2;
    %cmp/u;
    %jmp/1 T_14.8, 6;
    %dup/vec4;
    %pushi/vec4 3, 0, 2;
    %cmp/u;
    %jmp/1 T_14.9, 6;
    %jmp T_14.10;
T_14.6 ;
    %load/vec4 v0000020adbb6be10_0;
    %parti/s 8, 0, 2;
    %load/vec4 v0000020adbb6aab0_0;
    %parti/s 30, 2, 3;
    %ix/vec4 3;
    %ix/load 4, 0, 0; Constant delay
    %assign/vec4/a/d v0000020adbb6c130, 0, 4;
    %jmp T_14.10;
T_14.7 ;
    %load/vec4 v0000020adbb6be10_0;
    %parti/s 8, 0, 2;
    %load/vec4 v0000020adbb6aab0_0;
    %parti/s 30, 2, 3;
    %ix/vec4 3;
    %ix/load 4, 8, 0; part off
    %ix/load 5, 0, 0; Constant delay
    %assign/vec4/a/d v0000020adbb6c130, 4, 5;
    %jmp T_14.10;
T_14.8 ;
    %load/vec4 v0000020adbb6be10_0;
    %parti/s 8, 0, 2;
    %load/vec4 v0000020adbb6aab0_0;
    %parti/s 30, 2, 3;
    %ix/vec4 3;
    %ix/load 4, 16, 0; part off
    %ix/load 5, 0, 0; Constant delay
    %assign/vec4/a/d v0000020adbb6c130, 4, 5;
    %jmp T_14.10;
T_14.9 ;
    %load/vec4 v0000020adbb6be10_0;
    %parti/s 8, 0, 2;
    %load/vec4 v0000020adbb6aab0_0;
    %parti/s 30, 2, 3;
    %ix/vec4 3;
    %ix/load 4, 24, 0; part off
    %ix/load 5, 0, 0; Constant delay
    %assign/vec4/a/d v0000020adbb6c130, 4, 5;
    %jmp T_14.10;
T_14.10 ;
    %pop/vec4 1;
    %jmp T_14.5;
T_14.4 ;
    %load/vec4 v0000020adbb6a650_0;
    %parti/s 1, 1, 2;
    %dup/vec4;
    %pushi/vec4 0, 0, 1;
    %cmp/u;
    %jmp/1 T_14.11, 6;
    %dup/vec4;
    %pushi/vec4 1, 0, 1;
    %cmp/u;
    %jmp/1 T_14.12, 6;
    %jmp T_14.13;
T_14.11 ;
    %load/vec4 v0000020adbb6be10_0;
    %parti/s 16, 0, 2;
    %load/vec4 v0000020adbb6aab0_0;
    %parti/s 30, 2, 3;
    %ix/vec4 3;
    %ix/load 4, 0, 0; Constant delay
    %assign/vec4/a/d v0000020adbb6c130, 0, 4;
    %jmp T_14.13;
T_14.12 ;
    %load/vec4 v0000020adbb6be10_0;
    %parti/s 16, 0, 2;
    %load/vec4 v0000020adbb6aab0_0;
    %parti/s 30, 2, 3;
    %ix/vec4 3;
    %ix/load 4, 16, 0; part off
    %ix/load 5, 0, 0; Constant delay
    %assign/vec4/a/d v0000020adbb6c130, 4, 5;
    %jmp T_14.13;
T_14.13 ;
    %pop/vec4 1;
    %jmp T_14.5;
T_14.5 ;
    %pop/vec4 1;
T_14.0 ;
    %jmp T_14;
    .thread T_14;
    .scope S_0000020adb9cbad0;
T_15 ;
    %wait E_0000020adbafe4c0;
    %load/vec4 v0000020adbb70010_0;
    %flag_set/vec4 8;
    %jmp/0xz  T_15.0, 8;
    %pushi/vec4 0, 0, 1;
    %assign/vec4 v0000020adbb6f390_0, 0;
    %pushi/vec4 0, 0, 32;
    %assign/vec4 v0000020adbb6fa70_0, 0;
    %jmp T_15.1;
T_15.0 ;
    %load/vec4 v0000020adbb6fa70_0;
    %cmpi/e 49999999, 0, 32;
    %jmp/0xz  T_15.2, 4;
    %load/vec4 v0000020adbb6f390_0;
    %inv;
    %assign/vec4 v0000020adbb6f390_0, 0;
    %pushi/vec4 0, 0, 32;
    %assign/vec4 v0000020adbb6fa70_0, 0;
    %jmp T_15.3;
T_15.2 ;
    %load/vec4 v0000020adbb6fa70_0;
    %addi 1, 0, 32;
    %assign/vec4 v0000020adbb6fa70_0, 0;
T_15.3 ;
T_15.1 ;
    %jmp T_15;
    .thread T_15;
    .scope S_0000020adb9cbad0;
T_16 ;
    %wait E_0000020adbafe4c0;
    %load/vec4 v0000020adbb70010_0;
    %flag_set/vec4 8;
    %jmp/0xz  T_16.0, 8;
    %pushi/vec4 0, 0, 16;
    %assign/vec4 v0000020adbb6fb10_0, 0;
    %jmp T_16.1;
T_16.0 ;
    %load/vec4 v0000020adbb701f0_0;
    %parti/s 16, 0, 2;
    %assign/vec4 v0000020adbb6fb10_0, 0;
T_16.1 ;
    %jmp T_16;
    .thread T_16;
    .scope S_0000020adb9cbad0;
T_17 ;
    %wait E_0000020adbafe4c0;
    %load/vec4 v0000020adbb70010_0;
    %flag_set/vec4 8;
    %jmp/0xz  T_17.0, 8;
    %pushi/vec4 0, 0, 20;
    %assign/vec4 v0000020adbb6ff70_0, 0;
    %jmp T_17.1;
T_17.0 ;
    %load/vec4 v0000020adbb6ff70_0;
    %addi 1, 0, 20;
    %assign/vec4 v0000020adbb6ff70_0, 0;
T_17.1 ;
    %jmp T_17;
    .thread T_17;
    .scope S_0000020adb9cbad0;
T_18 ;
    %wait E_0000020adbafdd40;
    %load/vec4 v0000020adbb6f250_0;
    %dup/vec4;
    %pushi/vec4 0, 0, 2;
    %cmp/u;
    %jmp/1 T_18.0, 6;
    %dup/vec4;
    %pushi/vec4 1, 0, 2;
    %cmp/u;
    %jmp/1 T_18.1, 6;
    %dup/vec4;
    %pushi/vec4 2, 0, 2;
    %cmp/u;
    %jmp/1 T_18.2, 6;
    %dup/vec4;
    %pushi/vec4 3, 0, 2;
    %cmp/u;
    %jmp/1 T_18.3, 6;
    %jmp T_18.4;
T_18.0 ;
    %pushi/vec4 7, 0, 4;
    %store/vec4 v0000020adbb6f070_0, 0, 4;
    %load/vec4 v0000020adbb6fb10_0;
    %pad/u 32;
    %pushi/vec4 1000, 0, 32;
    %div;
    %pad/u 4;
    %store/vec4 v0000020adbb6f1b0_0, 0, 4;
    %jmp T_18.4;
T_18.1 ;
    %pushi/vec4 11, 0, 4;
    %store/vec4 v0000020adbb6f070_0, 0, 4;
    %load/vec4 v0000020adbb6fb10_0;
    %pad/u 32;
    %pushi/vec4 1000, 0, 32;
    %mod;
    %pushi/vec4 100, 0, 32;
    %div;
    %pad/u 4;
    %store/vec4 v0000020adbb6f1b0_0, 0, 4;
    %jmp T_18.4;
T_18.2 ;
    %pushi/vec4 13, 0, 4;
    %store/vec4 v0000020adbb6f070_0, 0, 4;
    %load/vec4 v0000020adbb6fb10_0;
    %pad/u 32;
    %pushi/vec4 1000, 0, 32;
    %mod;
    %pushi/vec4 100, 0, 32;
    %mod;
    %pushi/vec4 10, 0, 32;
    %div;
    %pad/u 4;
    %store/vec4 v0000020adbb6f1b0_0, 0, 4;
    %jmp T_18.4;
T_18.3 ;
    %pushi/vec4 14, 0, 4;
    %store/vec4 v0000020adbb6f070_0, 0, 4;
    %load/vec4 v0000020adbb6fb10_0;
    %pad/u 32;
    %pushi/vec4 1000, 0, 32;
    %mod;
    %pushi/vec4 100, 0, 32;
    %mod;
    %pushi/vec4 10, 0, 32;
    %mod;
    %pad/u 4;
    %store/vec4 v0000020adbb6f1b0_0, 0, 4;
    %jmp T_18.4;
T_18.4 ;
    %pop/vec4 1;
    %jmp T_18;
    .thread T_18, $push;
    .scope S_0000020adb9cbad0;
T_19 ;
    %wait E_0000020adbafdfc0;
    %load/vec4 v0000020adbb6f1b0_0;
    %dup/vec4;
    %pushi/vec4 0, 0, 4;
    %cmp/u;
    %jmp/1 T_19.0, 6;
    %dup/vec4;
    %pushi/vec4 1, 0, 4;
    %cmp/u;
    %jmp/1 T_19.1, 6;
    %dup/vec4;
    %pushi/vec4 2, 0, 4;
    %cmp/u;
    %jmp/1 T_19.2, 6;
    %dup/vec4;
    %pushi/vec4 3, 0, 4;
    %cmp/u;
    %jmp/1 T_19.3, 6;
    %dup/vec4;
    %pushi/vec4 4, 0, 4;
    %cmp/u;
    %jmp/1 T_19.4, 6;
    %dup/vec4;
    %pushi/vec4 5, 0, 4;
    %cmp/u;
    %jmp/1 T_19.5, 6;
    %dup/vec4;
    %pushi/vec4 6, 0, 4;
    %cmp/u;
    %jmp/1 T_19.6, 6;
    %dup/vec4;
    %pushi/vec4 7, 0, 4;
    %cmp/u;
    %jmp/1 T_19.7, 6;
    %dup/vec4;
    %pushi/vec4 8, 0, 4;
    %cmp/u;
    %jmp/1 T_19.8, 6;
    %dup/vec4;
    %pushi/vec4 9, 0, 4;
    %cmp/u;
    %jmp/1 T_19.9, 6;
    %pushi/vec4 1, 0, 7;
    %store/vec4 v0000020adbb6f2f0_0, 0, 7;
    %jmp T_19.11;
T_19.0 ;
    %pushi/vec4 1, 0, 7;
    %store/vec4 v0000020adbb6f2f0_0, 0, 7;
    %jmp T_19.11;
T_19.1 ;
    %pushi/vec4 79, 0, 7;
    %store/vec4 v0000020adbb6f2f0_0, 0, 7;
    %jmp T_19.11;
T_19.2 ;
    %pushi/vec4 18, 0, 7;
    %store/vec4 v0000020adbb6f2f0_0, 0, 7;
    %jmp T_19.11;
T_19.3 ;
    %pushi/vec4 6, 0, 7;
    %store/vec4 v0000020adbb6f2f0_0, 0, 7;
    %jmp T_19.11;
T_19.4 ;
    %pushi/vec4 76, 0, 7;
    %store/vec4 v0000020adbb6f2f0_0, 0, 7;
    %jmp T_19.11;
T_19.5 ;
    %pushi/vec4 36, 0, 7;
    %store/vec4 v0000020adbb6f2f0_0, 0, 7;
    %jmp T_19.11;
T_19.6 ;
    %pushi/vec4 32, 0, 7;
    %store/vec4 v0000020adbb6f2f0_0, 0, 7;
    %jmp T_19.11;
T_19.7 ;
    %pushi/vec4 15, 0, 7;
    %store/vec4 v0000020adbb6f2f0_0, 0, 7;
    %jmp T_19.11;
T_19.8 ;
    %pushi/vec4 0, 0, 7;
    %store/vec4 v0000020adbb6f2f0_0, 0, 7;
    %jmp T_19.11;
T_19.9 ;
    %pushi/vec4 4, 0, 7;
    %store/vec4 v0000020adbb6f2f0_0, 0, 7;
    %jmp T_19.11;
T_19.11 ;
    %pop/vec4 1;
    %jmp T_19;
    .thread T_19, $push;
    .scope S_0000020adbb71080;
T_20 ;
    %pushi/vec4 4, 0, 32;
    %store/vec4 v0000020adbb781a0_0, 0, 32;
    %end;
    .thread T_20;
    .scope S_0000020adbb78db0;
T_21 ;
    %wait E_0000020adbaf8c80;
    %load/vec4 v0000020adbb764e0_0;
    %dup/vec4;
    %pushi/vec4 0, 0, 2;
    %cmp/u;
    %jmp/1 T_21.0, 6;
    %dup/vec4;
    %pushi/vec4 1, 0, 2;
    %cmp/u;
    %jmp/1 T_21.1, 6;
    %dup/vec4;
    %pushi/vec4 2, 0, 2;
    %cmp/u;
    %jmp/1 T_21.2, 6;
    %load/vec4 v0000020adbb77ac0_0;
    %store/vec4 v0000020adbb77b60_0, 0, 32;
    %jmp T_21.4;
T_21.0 ;
    %load/vec4 v0000020adbb77ac0_0;
    %store/vec4 v0000020adbb77b60_0, 0, 32;
    %jmp T_21.4;
T_21.1 ;
    %load/vec4 v0000020adbb770c0_0;
    %store/vec4 v0000020adbb77b60_0, 0, 32;
    %jmp T_21.4;
T_21.2 ;
    %load/vec4 v0000020adbb77480_0;
    %store/vec4 v0000020adbb77b60_0, 0, 32;
    %jmp T_21.4;
T_21.4 ;
    %pop/vec4 1;
    %jmp T_21;
    .thread T_21, $push;
    .scope S_0000020adbb78c20;
T_22 ;
    %wait E_0000020adbaf9780;
    %load/vec4 v0000020adbb7a5a0_0;
    %dup/vec4;
    %pushi/vec4 0, 0, 3;
    %cmp/u;
    %jmp/1 T_22.0, 6;
    %dup/vec4;
    %pushi/vec4 1, 0, 3;
    %cmp/u;
    %jmp/1 T_22.1, 6;
    %dup/vec4;
    %pushi/vec4 2, 0, 3;
    %cmp/u;
    %jmp/1 T_22.2, 6;
    %dup/vec4;
    %pushi/vec4 3, 0, 3;
    %cmp/u;
    %jmp/1 T_22.3, 6;
    %dup/vec4;
    %pushi/vec4 4, 0, 3;
    %cmp/u;
    %jmp/1 T_22.4, 6;
    %pushi/vec4 4294967295, 4294967295, 32;
    %store/vec4 v0000020adbb7b180_0, 0, 32;
    %jmp T_22.6;
T_22.0 ;
    %load/vec4 v0000020adbb7a8c0_0;
    %parti/s 1, 31, 6;
    %replicate 20;
    %load/vec4 v0000020adbb7a8c0_0;
    %parti/s 12, 20, 6;
    %concat/vec4; draw_concat_vec4
    %store/vec4 v0000020adbb7b180_0, 0, 32;
    %jmp T_22.6;
T_22.1 ;
    %load/vec4 v0000020adbb7a8c0_0;
    %parti/s 1, 31, 6;
    %replicate 20;
    %load/vec4 v0000020adbb7a8c0_0;
    %parti/s 7, 25, 6;
    %concat/vec4; draw_concat_vec4
    %load/vec4 v0000020adbb7a8c0_0;
    %parti/s 5, 7, 4;
    %concat/vec4; draw_concat_vec4
    %store/vec4 v0000020adbb7b180_0, 0, 32;
    %jmp T_22.6;
T_22.2 ;
    %load/vec4 v0000020adbb7a8c0_0;
    %parti/s 1, 31, 6;
    %replicate 20;
    %load/vec4 v0000020adbb7a8c0_0;
    %parti/s 1, 7, 4;
    %concat/vec4; draw_concat_vec4
    %load/vec4 v0000020adbb7a8c0_0;
    %parti/s 6, 25, 6;
    %concat/vec4; draw_concat_vec4
    %load/vec4 v0000020adbb7a8c0_0;
    %parti/s 4, 8, 5;
    %concat/vec4; draw_concat_vec4
    %concati/vec4 0, 0, 1;
    %store/vec4 v0000020adbb7b180_0, 0, 32;
    %jmp T_22.6;
T_22.3 ;
    %load/vec4 v0000020adbb7a8c0_0;
    %parti/s 1, 31, 6;
    %replicate 12;
    %load/vec4 v0000020adbb7a8c0_0;
    %parti/s 8, 12, 5;
    %concat/vec4; draw_concat_vec4
    %load/vec4 v0000020adbb7a8c0_0;
    %parti/s 1, 20, 6;
    %concat/vec4; draw_concat_vec4
    %load/vec4 v0000020adbb7a8c0_0;
    %parti/s 10, 21, 6;
    %concat/vec4; draw_concat_vec4
    %concati/vec4 0, 0, 1;
    %store/vec4 v0000020adbb7b180_0, 0, 32;
    %jmp T_22.6;
T_22.4 ;
    %load/vec4 v0000020adbb7a8c0_0;
    %parti/s 20, 12, 5;
    %concati/vec4 0, 0, 12;
    %store/vec4 v0000020adbb7b180_0, 0, 32;
    %jmp T_22.6;
T_22.6 ;
    %pop/vec4 1;
    %jmp T_22;
    .thread T_22, $push;
    .scope S_0000020adbb78900;
T_23 ;
    %wait E_0000020adbaf9740;
    %load/vec4 v0000020adbb77160_0;
    %flag_set/vec4 8;
    %jmp/0xz  T_23.0, 8;
    %pushi/vec4 0, 0, 32;
    %assign/vec4 v0000020adbb77ca0_0, 0;
    %jmp T_23.1;
T_23.0 ;
    %load/vec4 v0000020adbb77340_0;
    %assign/vec4 v0000020adbb77ca0_0, 0;
T_23.1 ;
    %jmp T_23;
    .thread T_23;
    .scope S_0000020adbb79a30;
T_24 ;
    %pushi/vec4 0, 0, 32;
    %store/vec4 v0000020adbb7b4a0_0, 0, 32;
T_24.0 ;
    %load/vec4 v0000020adbb7b4a0_0;
    %cmpi/s 32, 0, 32;
    %jmp/0xz T_24.1, 5;
    %pushi/vec4 0, 0, 32;
    %ix/getv/s 4, v0000020adbb7b4a0_0;
    %store/vec4a v0000020adbb7bea0, 4, 0;
    %load/vec4 v0000020adbb7b4a0_0;
    %addi 1, 0, 32;
    %store/vec4 v0000020adbb7b4a0_0, 0, 32;
    %jmp T_24.0;
T_24.1 ;
    %end;
    .thread T_24;
    .scope S_0000020adbb79a30;
T_25 ;
    %wait E_0000020adbaf8fc0;
    %load/vec4 v0000020adbb77660_0;
    %flag_set/vec4 9;
    %flag_get/vec4 9;
    %jmp/0 T_25.2, 9;
    %load/vec4 v0000020adbb766c0_0;
    %pad/u 32;
    %pushi/vec4 0, 0, 32;
    %cmp/ne;
    %flag_get/vec4 4;
    %and;
T_25.2;
    %flag_set/vec4 8;
    %jmp/0xz  T_25.0, 8;
    %load/vec4 v0000020adbb775c0_0;
    %load/vec4 v0000020adbb766c0_0;
    %pad/u 7;
    %ix/vec4 3;
    %ix/load 4, 0, 0; Constant delay
    %assign/vec4/a/d v0000020adbb7bea0, 0, 4;
T_25.0 ;
    %jmp T_25;
    .thread T_25;
    .scope S_0000020adbb70720;
T_26 ;
    %wait E_0000020adbaf90c0;
    %load/vec4 v0000020adbb778e0_0;
    %dup/vec4;
    %pushi/vec4 0, 0, 1;
    %cmp/u;
    %jmp/1 T_26.0, 6;
    %dup/vec4;
    %pushi/vec4 1, 0, 1;
    %cmp/u;
    %jmp/1 T_26.1, 6;
    %jmp T_26.2;
T_26.0 ;
    %load/vec4 v0000020adbb782e0_0;
    %store/vec4 v0000020adbb76b20_0, 0, 32;
    %jmp T_26.2;
T_26.1 ;
    %load/vec4 v0000020adbb76bc0_0;
    %store/vec4 v0000020adbb76b20_0, 0, 32;
    %jmp T_26.2;
T_26.2 ;
    %pop/vec4 1;
    %jmp T_26;
    .thread T_26, $push;
    .scope S_0000020adbb70ef0;
T_27 ;
    %wait E_0000020adbaf9700;
    %pushi/vec4 0, 0, 32;
    %store/vec4 v0000020adbb76440_0, 0, 32;
    %pushi/vec4 0, 0, 33;
    %store/vec4 v0000020adbb78100_0, 0, 33;
    %pushi/vec4 0, 0, 1;
    %store/vec4 v0000020adbb76940_0, 0, 1;
    %pushi/vec4 0, 0, 1;
    %store/vec4 v0000020adbb77e80_0, 0, 1;
    %pushi/vec4 0, 0, 1;
    %store/vec4 v0000020adbb77d40_0, 0, 1;
    %pushi/vec4 0, 0, 1;
    %store/vec4 v0000020adbb77980_0, 0, 1;
    %load/vec4 v0000020adbb769e0_0;
    %dup/vec4;
    %pushi/vec4 0, 0, 4;
    %cmp/u;
    %jmp/1 T_27.0, 6;
    %dup/vec4;
    %pushi/vec4 1, 0, 4;
    %cmp/u;
    %jmp/1 T_27.1, 6;
    %dup/vec4;
    %pushi/vec4 2, 0, 4;
    %cmp/u;
    %jmp/1 T_27.2, 6;
    %dup/vec4;
    %pushi/vec4 3, 0, 4;
    %cmp/u;
    %jmp/1 T_27.3, 6;
    %dup/vec4;
    %pushi/vec4 4, 0, 4;
    %cmp/u;
    %jmp/1 T_27.4, 6;
    %dup/vec4;
    %pushi/vec4 5, 0, 4;
    %cmp/u;
    %jmp/1 T_27.5, 6;
    %dup/vec4;
    %pushi/vec4 6, 0, 4;
    %cmp/u;
    %jmp/1 T_27.6, 6;
    %dup/vec4;
    %pushi/vec4 7, 0, 4;
    %cmp/u;
    %jmp/1 T_27.7, 6;
    %dup/vec4;
    %pushi/vec4 8, 0, 4;
    %cmp/u;
    %jmp/1 T_27.8, 6;
    %dup/vec4;
    %pushi/vec4 9, 0, 4;
    %cmp/u;
    %jmp/1 T_27.9, 6;
    %dup/vec4;
    %pushi/vec4 10, 0, 4;
    %cmp/u;
    %jmp/1 T_27.10, 6;
    %dup/vec4;
    %pushi/vec4 11, 0, 4;
    %cmp/u;
    %jmp/1 T_27.11, 6;
    %dup/vec4;
    %pushi/vec4 12, 0, 4;
    %cmp/u;
    %jmp/1 T_27.12, 6;
    %pushi/vec4 0, 0, 32;
    %store/vec4 v0000020adbb76440_0, 0, 32;
    %jmp T_27.14;
T_27.0 ;
    %pushi/vec4 0, 0, 1;
    %load/vec4 v0000020adbb76ee0_0;
    %concat/vec4; draw_concat_vec4
    %pushi/vec4 0, 0, 1;
    %load/vec4 v0000020adbb77f20_0;
    %concat/vec4; draw_concat_vec4
    %add;
    %store/vec4 v0000020adbb78100_0, 0, 33;
    %load/vec4 v0000020adbb78100_0;
    %parti/s 32, 0, 2;
    %store/vec4 v0000020adbb76440_0, 0, 32;
    %load/vec4 v0000020adbb78100_0;
    %parti/s 1, 32, 7;
    %store/vec4 v0000020adbb77d40_0, 0, 1;
    %load/vec4 v0000020adbb76ee0_0;
    %parti/s 1, 31, 6;
    %inv;
    %load/vec4 v0000020adbb77f20_0;
    %parti/s 1, 31, 6;
    %inv;
    %and;
    %load/vec4 v0000020adbb76440_0;
    %parti/s 1, 31, 6;
    %and;
    %load/vec4 v0000020adbb76ee0_0;
    %parti/s 1, 31, 6;
    %load/vec4 v0000020adbb77f20_0;
    %parti/s 1, 31, 6;
    %and;
    %load/vec4 v0000020adbb76440_0;
    %parti/s 1, 31, 6;
    %inv;
    %and;
    %or;
    %store/vec4 v0000020adbb77e80_0, 0, 1;
    %jmp T_27.14;
T_27.1 ;
    %pushi/vec4 0, 0, 1;
    %load/vec4 v0000020adbb76ee0_0;
    %concat/vec4; draw_concat_vec4
    %pushi/vec4 0, 0, 1;
    %load/vec4 v0000020adbb77f20_0;
    %inv;
    %concat/vec4; draw_concat_vec4
    %add;
    %addi 1, 0, 33;
    %store/vec4 v0000020adbb78100_0, 0, 33;
    %load/vec4 v0000020adbb78100_0;
    %parti/s 32, 0, 2;
    %store/vec4 v0000020adbb76440_0, 0, 32;
    %load/vec4 v0000020adbb78100_0;
    %parti/s 1, 32, 7;
    %store/vec4 v0000020adbb77d40_0, 0, 1;
    %load/vec4 v0000020adbb76ee0_0;
    %parti/s 1, 31, 6;
    %load/vec4 v0000020adbb77f20_0;
    %parti/s 1, 31, 6;
    %inv;
    %and;
    %load/vec4 v0000020adbb76440_0;
    %parti/s 1, 31, 6;
    %inv;
    %and;
    %load/vec4 v0000020adbb76ee0_0;
    %parti/s 1, 31, 6;
    %inv;
    %load/vec4 v0000020adbb77f20_0;
    %parti/s 1, 31, 6;
    %and;
    %load/vec4 v0000020adbb76440_0;
    %parti/s 1, 31, 6;
    %and;
    %or;
    %store/vec4 v0000020adbb77e80_0, 0, 1;
    %jmp T_27.14;
T_27.2 ;
    %load/vec4 v0000020adbb76ee0_0;
    %load/vec4 v0000020adbb77f20_0;
    %and;
    %store/vec4 v0000020adbb76440_0, 0, 32;
    %jmp T_27.14;
T_27.3 ;
    %load/vec4 v0000020adbb76ee0_0;
    %load/vec4 v0000020adbb77f20_0;
    %or;
    %store/vec4 v0000020adbb76440_0, 0, 32;
    %jmp T_27.14;
T_27.4 ;
    %load/vec4 v0000020adbb76ee0_0;
    %load/vec4 v0000020adbb77f20_0;
    %xor;
    %store/vec4 v0000020adbb76440_0, 0, 32;
    %jmp T_27.14;
T_27.5 ;
    %pushi/vec4 0, 0, 31;
    %load/vec4 v0000020adbb76ee0_0;
    %load/vec4 v0000020adbb77f20_0;
    %cmp/s;
    %flag_get/vec4 5;
    %concat/vec4; draw_concat_vec4
    %store/vec4 v0000020adbb76440_0, 0, 32;
    %jmp T_27.14;
T_27.6 ;
    %pushi/vec4 0, 0, 31;
    %load/vec4 v0000020adbb76ee0_0;
    %load/vec4 v0000020adbb77f20_0;
    %cmp/u;
    %flag_get/vec4 5;
    %concat/vec4; draw_concat_vec4
    %store/vec4 v0000020adbb76440_0, 0, 32;
    %jmp T_27.14;
T_27.7 ;
    %load/vec4 v0000020adbb76ee0_0;
    %parti/s 20, 12, 5;
    %concati/vec4 0, 0, 12;
    %store/vec4 v0000020adbb76440_0, 0, 32;
    %jmp T_27.14;
T_27.8 ;
    %load/vec4 v0000020adbb76ee0_0;
    %load/vec4 v0000020adbb77f20_0;
    %parti/s 20, 12, 5;
    %concati/vec4 0, 0, 12;
    %add;
    %store/vec4 v0000020adbb76440_0, 0, 32;
    %jmp T_27.14;
T_27.9 ;
    %load/vec4 v0000020adbb77f20_0;
    %parti/s 20, 12, 5;
    %concati/vec4 0, 0, 12;
    %store/vec4 v0000020adbb76440_0, 0, 32;
    %jmp T_27.14;
T_27.10 ;
    %load/vec4 v0000020adbb76ee0_0;
    %load/vec4 v0000020adbb77f20_0;
    %parti/s 5, 0, 2;
    %ix/vec4 4;
    %shiftl 4;
    %store/vec4 v0000020adbb76440_0, 0, 32;
    %jmp T_27.14;
T_27.11 ;
    %load/vec4 v0000020adbb76ee0_0;
    %load/vec4 v0000020adbb77f20_0;
    %parti/s 5, 0, 2;
    %ix/vec4 4;
    %shiftr 4;
    %store/vec4 v0000020adbb76440_0, 0, 32;
    %jmp T_27.14;
T_27.12 ;
    %load/vec4 v0000020adbb76ee0_0;
    %load/vec4 v0000020adbb77f20_0;
    %parti/s 5, 0, 2;
    %ix/vec4 4;
    %shiftr/s 4;
    %store/vec4 v0000020adbb76440_0, 0, 32;
    %jmp T_27.14;
T_27.14 ;
    %pop/vec4 1;
    %load/vec4 v0000020adbb76440_0;
    %pushi/vec4 0, 0, 32;
    %cmp/e;
    %flag_get/vec4 4;
    %store/vec4 v0000020adbb76940_0, 0, 1;
    %load/vec4 v0000020adbb76440_0;
    %parti/s 1, 31, 6;
    %store/vec4 v0000020adbb77980_0, 0, 1;
    %load/vec4 v0000020adbb77980_0;
    %load/vec4 v0000020adbb77e80_0;
    %xor;
    %store/vec4 v0000020adbb76f80_0, 0, 1;
    %jmp T_27;
    .thread T_27, $push;
    .scope S_0000020adbb78a90;
T_28 ;
    %wait E_0000020adbaf91c0;
    %load/vec4 v0000020adbb7abe0_0;
    %dup/vec4;
    %pushi/vec4 0, 0, 2;
    %cmp/u;
    %jmp/1 T_28.0, 6;
    %dup/vec4;
    %pushi/vec4 1, 0, 2;
    %cmp/u;
    %jmp/1 T_28.1, 6;
    %dup/vec4;
    %pushi/vec4 2, 0, 2;
    %cmp/u;
    %jmp/1 T_28.2, 6;
    %dup/vec4;
    %pushi/vec4 3, 0, 2;
    %cmp/u;
    %jmp/1 T_28.3, 6;
    %jmp T_28.4;
T_28.0 ;
    %load/vec4 v0000020adbb7bae0_0;
    %store/vec4 v0000020adbb7a820_0, 0, 32;
    %jmp T_28.4;
T_28.1 ;
    %load/vec4 v0000020adbb7bc20_0;
    %store/vec4 v0000020adbb7a820_0, 0, 32;
    %jmp T_28.4;
T_28.2 ;
    %load/vec4 v0000020adbb7a500_0;
    %store/vec4 v0000020adbb7a820_0, 0, 32;
    %jmp T_28.4;
T_28.3 ;
    %load/vec4 v0000020adbb7b540_0;
    %store/vec4 v0000020adbb7a820_0, 0, 32;
    %jmp T_28.4;
T_28.4 ;
    %pop/vec4 1;
    %jmp T_28;
    .thread T_28, $push;
    .scope S_0000020adbb70590;
T_29 ;
    %wait E_0000020adbaf9b00;
    %load/vec4 v0000020adbb743c0_0;
    %dup/vec4;
    %pushi/vec4 0, 0, 7;
    %cmp/u;
    %jmp/1 T_29.0, 6;
    %dup/vec4;
    %pushi/vec4 3, 0, 7;
    %cmp/u;
    %jmp/1 T_29.1, 6;
    %dup/vec4;
    %pushi/vec4 35, 0, 7;
    %cmp/u;
    %jmp/1 T_29.2, 6;
    %dup/vec4;
    %pushi/vec4 51, 0, 7;
    %cmp/u;
    %jmp/1 T_29.3, 6;
    %dup/vec4;
    %pushi/vec4 19, 0, 7;
    %cmp/u;
    %jmp/1 T_29.4, 6;
    %dup/vec4;
    %pushi/vec4 99, 0, 7;
    %cmp/u;
    %jmp/1 T_29.5, 6;
    %dup/vec4;
    %pushi/vec4 111, 0, 7;
    %cmp/u;
    %jmp/1 T_29.6, 6;
    %dup/vec4;
    %pushi/vec4 103, 0, 7;
    %cmp/u;
    %jmp/1 T_29.7, 6;
    %dup/vec4;
    %pushi/vec4 55, 0, 7;
    %cmp/u;
    %jmp/1 T_29.8, 6;
    %dup/vec4;
    %pushi/vec4 23, 0, 7;
    %cmp/u;
    %jmp/1 T_29.9, 6;
    %pushi/vec4 0, 0, 1;
    %store/vec4 v0000020adbb74fa0_0, 0, 1;
    %pushi/vec4 0, 0, 3;
    %store/vec4 v0000020adbb74780_0, 0, 3;
    %pushi/vec4 0, 0, 1;
    %store/vec4 v0000020adbb750e0_0, 0, 1;
    %pushi/vec4 0, 0, 1;
    %store/vec4 v0000020adbb74f00_0, 0, 1;
    %pushi/vec4 0, 0, 2;
    %store/vec4 v0000020adbb75180_0, 0, 2;
    %pushi/vec4 0, 0, 1;
    %store/vec4 v0000020adbb74a00_0, 0, 1;
    %pushi/vec4 0, 0, 2;
    %store/vec4 v0000020adbb74dc0_0, 0, 2;
    %pushi/vec4 0, 0, 1;
    %store/vec4 v0000020adbb73f60_0, 0, 1;
    %pushi/vec4 0, 0, 1;
    %store/vec4 v0000020adbb73560_0, 0, 1;
    %jmp T_29.11;
T_29.0 ;
    %pushi/vec4 0, 0, 1;
    %store/vec4 v0000020adbb74fa0_0, 0, 1;
    %pushi/vec4 0, 0, 3;
    %store/vec4 v0000020adbb74780_0, 0, 3;
    %pushi/vec4 0, 0, 1;
    %store/vec4 v0000020adbb750e0_0, 0, 1;
    %pushi/vec4 0, 0, 1;
    %store/vec4 v0000020adbb74f00_0, 0, 1;
    %pushi/vec4 0, 0, 2;
    %store/vec4 v0000020adbb75180_0, 0, 2;
    %pushi/vec4 0, 0, 1;
    %store/vec4 v0000020adbb74a00_0, 0, 1;
    %pushi/vec4 0, 0, 2;
    %store/vec4 v0000020adbb74dc0_0, 0, 2;
    %pushi/vec4 0, 0, 1;
    %store/vec4 v0000020adbb73f60_0, 0, 1;
    %pushi/vec4 0, 0, 1;
    %store/vec4 v0000020adbb73560_0, 0, 1;
    %jmp T_29.11;
T_29.1 ;
    %pushi/vec4 1, 0, 1;
    %store/vec4 v0000020adbb74fa0_0, 0, 1;
    %pushi/vec4 0, 0, 3;
    %store/vec4 v0000020adbb74780_0, 0, 3;
    %pushi/vec4 1, 0, 1;
    %store/vec4 v0000020adbb750e0_0, 0, 1;
    %pushi/vec4 0, 0, 1;
    %store/vec4 v0000020adbb74f00_0, 0, 1;
    %pushi/vec4 1, 0, 2;
    %store/vec4 v0000020adbb75180_0, 0, 2;
    %pushi/vec4 0, 0, 1;
    %store/vec4 v0000020adbb74a00_0, 0, 1;
    %pushi/vec4 0, 0, 2;
    %store/vec4 v0000020adbb74dc0_0, 0, 2;
    %pushi/vec4 0, 0, 1;
    %store/vec4 v0000020adbb73f60_0, 0, 1;
    %pushi/vec4 0, 0, 1;
    %store/vec4 v0000020adbb73560_0, 0, 1;
    %jmp T_29.11;
T_29.2 ;
    %pushi/vec4 0, 0, 1;
    %store/vec4 v0000020adbb74fa0_0, 0, 1;
    %pushi/vec4 1, 0, 3;
    %store/vec4 v0000020adbb74780_0, 0, 3;
    %pushi/vec4 1, 0, 1;
    %store/vec4 v0000020adbb750e0_0, 0, 1;
    %pushi/vec4 1, 0, 1;
    %store/vec4 v0000020adbb74f00_0, 0, 1;
    %pushi/vec4 0, 0, 2;
    %store/vec4 v0000020adbb75180_0, 0, 2;
    %pushi/vec4 0, 0, 1;
    %store/vec4 v0000020adbb74a00_0, 0, 1;
    %pushi/vec4 0, 0, 2;
    %store/vec4 v0000020adbb74dc0_0, 0, 2;
    %pushi/vec4 0, 0, 1;
    %store/vec4 v0000020adbb73f60_0, 0, 1;
    %pushi/vec4 0, 0, 1;
    %store/vec4 v0000020adbb73560_0, 0, 1;
    %jmp T_29.11;
T_29.3 ;
    %pushi/vec4 1, 0, 1;
    %store/vec4 v0000020adbb74fa0_0, 0, 1;
    %pushi/vec4 7, 7, 3;
    %store/vec4 v0000020adbb74780_0, 0, 3;
    %pushi/vec4 0, 0, 1;
    %store/vec4 v0000020adbb750e0_0, 0, 1;
    %pushi/vec4 0, 0, 1;
    %store/vec4 v0000020adbb74f00_0, 0, 1;
    %pushi/vec4 0, 0, 2;
    %store/vec4 v0000020adbb75180_0, 0, 2;
    %pushi/vec4 0, 0, 1;
    %store/vec4 v0000020adbb74a00_0, 0, 1;
    %pushi/vec4 2, 0, 2;
    %store/vec4 v0000020adbb74dc0_0, 0, 2;
    %pushi/vec4 0, 0, 1;
    %store/vec4 v0000020adbb73f60_0, 0, 1;
    %pushi/vec4 0, 0, 1;
    %store/vec4 v0000020adbb73560_0, 0, 1;
    %jmp T_29.11;
T_29.4 ;
    %pushi/vec4 1, 0, 1;
    %store/vec4 v0000020adbb74fa0_0, 0, 1;
    %pushi/vec4 0, 0, 3;
    %store/vec4 v0000020adbb74780_0, 0, 3;
    %pushi/vec4 1, 0, 1;
    %store/vec4 v0000020adbb750e0_0, 0, 1;
    %pushi/vec4 0, 0, 1;
    %store/vec4 v0000020adbb74f00_0, 0, 1;
    %pushi/vec4 0, 0, 2;
    %store/vec4 v0000020adbb75180_0, 0, 2;
    %pushi/vec4 0, 0, 1;
    %store/vec4 v0000020adbb74a00_0, 0, 1;
    %pushi/vec4 2, 0, 2;
    %store/vec4 v0000020adbb74dc0_0, 0, 2;
    %pushi/vec4 0, 0, 1;
    %store/vec4 v0000020adbb73f60_0, 0, 1;
    %pushi/vec4 0, 0, 1;
    %store/vec4 v0000020adbb73560_0, 0, 1;
    %jmp T_29.11;
T_29.5 ;
    %pushi/vec4 0, 0, 1;
    %store/vec4 v0000020adbb74fa0_0, 0, 1;
    %pushi/vec4 2, 0, 3;
    %store/vec4 v0000020adbb74780_0, 0, 3;
    %pushi/vec4 0, 0, 1;
    %store/vec4 v0000020adbb750e0_0, 0, 1;
    %pushi/vec4 0, 0, 1;
    %store/vec4 v0000020adbb74f00_0, 0, 1;
    %pushi/vec4 0, 0, 2;
    %store/vec4 v0000020adbb75180_0, 0, 2;
    %pushi/vec4 1, 0, 1;
    %store/vec4 v0000020adbb74a00_0, 0, 1;
    %pushi/vec4 1, 0, 2;
    %store/vec4 v0000020adbb74dc0_0, 0, 2;
    %pushi/vec4 0, 0, 1;
    %store/vec4 v0000020adbb73f60_0, 0, 1;
    %pushi/vec4 0, 0, 1;
    %store/vec4 v0000020adbb73560_0, 0, 1;
    %jmp T_29.11;
T_29.6 ;
    %pushi/vec4 1, 0, 1;
    %store/vec4 v0000020adbb74fa0_0, 0, 1;
    %pushi/vec4 3, 0, 3;
    %store/vec4 v0000020adbb74780_0, 0, 3;
    %pushi/vec4 0, 0, 1;
    %store/vec4 v0000020adbb750e0_0, 0, 1;
    %pushi/vec4 0, 0, 1;
    %store/vec4 v0000020adbb74f00_0, 0, 1;
    %pushi/vec4 2, 0, 2;
    %store/vec4 v0000020adbb75180_0, 0, 2;
    %pushi/vec4 0, 0, 1;
    %store/vec4 v0000020adbb74a00_0, 0, 1;
    %pushi/vec4 0, 0, 2;
    %store/vec4 v0000020adbb74dc0_0, 0, 2;
    %pushi/vec4 1, 0, 1;
    %store/vec4 v0000020adbb73f60_0, 0, 1;
    %pushi/vec4 0, 0, 1;
    %store/vec4 v0000020adbb73560_0, 0, 1;
    %jmp T_29.11;
T_29.7 ;
    %pushi/vec4 1, 0, 1;
    %store/vec4 v0000020adbb74fa0_0, 0, 1;
    %pushi/vec4 0, 0, 3;
    %store/vec4 v0000020adbb74780_0, 0, 3;
    %pushi/vec4 1, 0, 1;
    %store/vec4 v0000020adbb750e0_0, 0, 1;
    %pushi/vec4 0, 0, 1;
    %store/vec4 v0000020adbb74f00_0, 0, 1;
    %pushi/vec4 2, 0, 2;
    %store/vec4 v0000020adbb75180_0, 0, 2;
    %pushi/vec4 0, 0, 1;
    %store/vec4 v0000020adbb74a00_0, 0, 1;
    %pushi/vec4 0, 0, 2;
    %store/vec4 v0000020adbb74dc0_0, 0, 2;
    %pushi/vec4 1, 0, 1;
    %store/vec4 v0000020adbb73f60_0, 0, 1;
    %pushi/vec4 1, 0, 1;
    %store/vec4 v0000020adbb73560_0, 0, 1;
    %jmp T_29.11;
T_29.8 ;
    %pushi/vec4 1, 0, 1;
    %store/vec4 v0000020adbb74fa0_0, 0, 1;
    %pushi/vec4 4, 0, 3;
    %store/vec4 v0000020adbb74780_0, 0, 3;
    %pushi/vec4 1, 0, 1;
    %store/vec4 v0000020adbb750e0_0, 0, 1;
    %pushi/vec4 0, 0, 1;
    %store/vec4 v0000020adbb74f00_0, 0, 1;
    %pushi/vec4 0, 0, 2;
    %store/vec4 v0000020adbb75180_0, 0, 2;
    %pushi/vec4 0, 0, 1;
    %store/vec4 v0000020adbb74a00_0, 0, 1;
    %pushi/vec4 3, 0, 2;
    %store/vec4 v0000020adbb74dc0_0, 0, 2;
    %pushi/vec4 0, 0, 1;
    %store/vec4 v0000020adbb73f60_0, 0, 1;
    %pushi/vec4 0, 0, 1;
    %store/vec4 v0000020adbb73560_0, 0, 1;
    %jmp T_29.11;
T_29.9 ;
    %pushi/vec4 1, 0, 1;
    %store/vec4 v0000020adbb74fa0_0, 0, 1;
    %pushi/vec4 4, 0, 3;
    %store/vec4 v0000020adbb74780_0, 0, 3;
    %pushi/vec4 1, 0, 1;
    %store/vec4 v0000020adbb750e0_0, 0, 1;
    %pushi/vec4 0, 0, 1;
    %store/vec4 v0000020adbb74f00_0, 0, 1;
    %pushi/vec4 3, 0, 2;
    %store/vec4 v0000020adbb75180_0, 0, 2;
    %pushi/vec4 0, 0, 1;
    %store/vec4 v0000020adbb74a00_0, 0, 1;
    %pushi/vec4 0, 0, 2;
    %store/vec4 v0000020adbb74dc0_0, 0, 2;
    %pushi/vec4 0, 0, 1;
    %store/vec4 v0000020adbb73f60_0, 0, 1;
    %pushi/vec4 0, 0, 1;
    %store/vec4 v0000020adbb73560_0, 0, 1;
    %jmp T_29.11;
T_29.11 ;
    %pop/vec4 1;
    %jmp T_29;
    .thread T_29, $push;
    .scope S_0000020adbb71210;
T_30 ;
    %wait E_0000020adbaf8f40;
    %load/vec4 v0000020adbb745a0_0;
    %dup/vec4;
    %pushi/vec4 0, 0, 2;
    %cmp/u;
    %jmp/1 T_30.0, 6;
    %dup/vec4;
    %pushi/vec4 1, 0, 2;
    %cmp/u;
    %jmp/1 T_30.1, 6;
    %dup/vec4;
    %pushi/vec4 2, 0, 2;
    %cmp/u;
    %jmp/1 T_30.2, 6;
    %dup/vec4;
    %pushi/vec4 3, 0, 2;
    %cmp/u;
    %jmp/1 T_30.3, 6;
    %pushi/vec4 15, 15, 4;
    %store/vec4 v0000020adbb6a790_0, 0, 4;
    %jmp T_30.5;
T_30.0 ;
    %pushi/vec4 0, 0, 4;
    %store/vec4 v0000020adbb6a790_0, 0, 4;
    %jmp T_30.5;
T_30.1 ;
    %pushi/vec4 1, 0, 4;
    %store/vec4 v0000020adbb6a790_0, 0, 4;
    %jmp T_30.5;
T_30.2 ;
    %load/vec4 v0000020adbb74e60_0;
    %dup/vec4;
    %pushi/vec4 0, 0, 3;
    %cmp/u;
    %jmp/1 T_30.6, 6;
    %dup/vec4;
    %pushi/vec4 1, 0, 3;
    %cmp/u;
    %jmp/1 T_30.7, 6;
    %dup/vec4;
    %pushi/vec4 2, 0, 3;
    %cmp/u;
    %jmp/1 T_30.8, 6;
    %dup/vec4;
    %pushi/vec4 3, 0, 3;
    %cmp/u;
    %jmp/1 T_30.9, 6;
    %dup/vec4;
    %pushi/vec4 4, 0, 3;
    %cmp/u;
    %jmp/1 T_30.10, 6;
    %dup/vec4;
    %pushi/vec4 5, 0, 3;
    %cmp/u;
    %jmp/1 T_30.11, 6;
    %dup/vec4;
    %pushi/vec4 6, 0, 3;
    %cmp/u;
    %jmp/1 T_30.12, 6;
    %dup/vec4;
    %pushi/vec4 7, 0, 3;
    %cmp/u;
    %jmp/1 T_30.13, 6;
    %pushi/vec4 15, 15, 4;
    %store/vec4 v0000020adbb6a790_0, 0, 4;
    %jmp T_30.15;
T_30.6 ;
    %load/vec4 v0000020adbb74640_0;
    %cmpi/e 1, 0, 1;
    %flag_get/vec4 4;
    %jmp/0 T_30.18, 4;
    %load/vec4 v0000020adbb73880_0;
    %pushi/vec4 1, 0, 1;
    %cmp/e;
    %flag_get/vec4 4;
    %and;
T_30.18;
    %flag_set/vec4 8;
    %jmp/0xz  T_30.16, 8;
    %pushi/vec4 1, 0, 4;
    %store/vec4 v0000020adbb6a790_0, 0, 4;
    %jmp T_30.17;
T_30.16 ;
    %pushi/vec4 0, 0, 4;
    %store/vec4 v0000020adbb6a790_0, 0, 4;
T_30.17 ;
    %jmp T_30.15;
T_30.7 ;
    %pushi/vec4 10, 0, 4;
    %store/vec4 v0000020adbb6a790_0, 0, 4;
    %jmp T_30.15;
T_30.8 ;
    %pushi/vec4 5, 0, 4;
    %store/vec4 v0000020adbb6a790_0, 0, 4;
    %jmp T_30.15;
T_30.9 ;
    %pushi/vec4 6, 0, 4;
    %store/vec4 v0000020adbb6a790_0, 0, 4;
    %jmp T_30.15;
T_30.10 ;
    %pushi/vec4 4, 0, 4;
    %store/vec4 v0000020adbb6a790_0, 0, 4;
    %jmp T_30.15;
T_30.11 ;
    %load/vec4 v0000020adbb74640_0;
    %cmpi/e 0, 0, 1;
    %jmp/0xz  T_30.19, 4;
    %pushi/vec4 11, 0, 4;
    %store/vec4 v0000020adbb6a790_0, 0, 4;
    %jmp T_30.20;
T_30.19 ;
    %pushi/vec4 12, 0, 4;
    %store/vec4 v0000020adbb6a790_0, 0, 4;
T_30.20 ;
    %jmp T_30.15;
T_30.12 ;
    %pushi/vec4 3, 0, 4;
    %store/vec4 v0000020adbb6a790_0, 0, 4;
    %jmp T_30.15;
T_30.13 ;
    %pushi/vec4 2, 0, 4;
    %store/vec4 v0000020adbb6a790_0, 0, 4;
    %jmp T_30.15;
T_30.15 ;
    %pop/vec4 1;
    %jmp T_30.5;
T_30.3 ;
    %pushi/vec4 9, 0, 4;
    %store/vec4 v0000020adbb6a790_0, 0, 4;
    %jmp T_30.5;
T_30.5 ;
    %pop/vec4 1;
    %jmp T_30;
    .thread T_30, $push;
    .scope S_0000020adbb70bd0;
T_31 ;
    %wait E_0000020adbaf94c0;
    %load/vec4 v0000020adbb741e0_0;
    %dup/vec4;
    %pushi/vec4 0, 0, 3;
    %cmp/u;
    %jmp/1 T_31.0, 6;
    %dup/vec4;
    %pushi/vec4 1, 0, 3;
    %cmp/u;
    %jmp/1 T_31.1, 6;
    %dup/vec4;
    %pushi/vec4 4, 0, 3;
    %cmp/u;
    %jmp/1 T_31.2, 6;
    %dup/vec4;
    %pushi/vec4 5, 0, 3;
    %cmp/u;
    %jmp/1 T_31.3, 6;
    %dup/vec4;
    %pushi/vec4 6, 0, 3;
    %cmp/u;
    %jmp/1 T_31.4, 6;
    %dup/vec4;
    %pushi/vec4 7, 0, 3;
    %cmp/u;
    %jmp/1 T_31.5, 6;
    %pushi/vec4 0, 0, 1;
    %store/vec4 v0000020adbb739c0_0, 0, 1;
    %jmp T_31.7;
T_31.0 ;
    %load/vec4 v0000020adbb73420_0;
    %store/vec4 v0000020adbb739c0_0, 0, 1;
    %jmp T_31.7;
T_31.1 ;
    %load/vec4 v0000020adbb73420_0;
    %inv;
    %store/vec4 v0000020adbb739c0_0, 0, 1;
    %jmp T_31.7;
T_31.2 ;
    %load/vec4 v0000020adbb73600_0;
    %store/vec4 v0000020adbb739c0_0, 0, 1;
    %jmp T_31.7;
T_31.3 ;
    %load/vec4 v0000020adbb73600_0;
    %inv;
    %store/vec4 v0000020adbb739c0_0, 0, 1;
    %jmp T_31.7;
T_31.4 ;
    %load/vec4 v0000020adbb75220_0;
    %inv;
    %store/vec4 v0000020adbb739c0_0, 0, 1;
    %jmp T_31.7;
T_31.5 ;
    %load/vec4 v0000020adbb75220_0;
    %store/vec4 v0000020adbb739c0_0, 0, 1;
    %jmp T_31.7;
T_31.7 ;
    %pop/vec4 1;
    %jmp T_31;
    .thread T_31, $push;
    .scope S_0000020adbb790d0;
T_32 ;
    %vpi_call 18 19 "$readmemh", "test_prog_FULL6.hex", v0000020adbb7a640 {0 0 0};
    %end;
    .thread T_32;
    .scope S_0000020adbb70d60;
T_33 ;
    %wait E_0000020adbaf9040;
    %load/vec4 v0000020adbb74c80_0;
    %dup/vec4;
    %pushi/vec4 2, 0, 3;
    %cmp/u;
    %jmp/1 T_33.0, 6;
    %dup/vec4;
    %pushi/vec4 0, 0, 3;
    %cmp/u;
    %jmp/1 T_33.1, 6;
    %dup/vec4;
    %pushi/vec4 4, 0, 3;
    %cmp/u;
    %jmp/1 T_33.2, 6;
    %dup/vec4;
    %pushi/vec4 1, 0, 3;
    %cmp/u;
    %jmp/1 T_33.3, 6;
    %dup/vec4;
    %pushi/vec4 5, 0, 3;
    %cmp/u;
    %jmp/1 T_33.4, 6;
    %load/vec4 v0000020adbb76800_0;
    %store/vec4 v0000020adbb74aa0_0, 0, 32;
    %jmp T_33.6;
T_33.0 ;
    %load/vec4 v0000020adbb76800_0;
    %store/vec4 v0000020adbb74aa0_0, 0, 32;
    %jmp T_33.6;
T_33.1 ;
    %load/vec4 v0000020adbb73d80_0;
    %dup/vec4;
    %pushi/vec4 0, 0, 2;
    %cmp/u;
    %jmp/1 T_33.7, 6;
    %dup/vec4;
    %pushi/vec4 1, 0, 2;
    %cmp/u;
    %jmp/1 T_33.8, 6;
    %dup/vec4;
    %pushi/vec4 2, 0, 2;
    %cmp/u;
    %jmp/1 T_33.9, 6;
    %dup/vec4;
    %pushi/vec4 3, 0, 2;
    %cmp/u;
    %jmp/1 T_33.10, 6;
    %jmp T_33.11;
T_33.7 ;
    %load/vec4 v0000020adbb76800_0;
    %parti/s 1, 7, 4;
    %replicate 24;
    %load/vec4 v0000020adbb76800_0;
    %parti/s 8, 0, 2;
    %concat/vec4; draw_concat_vec4
    %store/vec4 v0000020adbb74aa0_0, 0, 32;
    %jmp T_33.11;
T_33.8 ;
    %load/vec4 v0000020adbb76800_0;
    %parti/s 1, 15, 5;
    %replicate 24;
    %load/vec4 v0000020adbb76800_0;
    %parti/s 8, 8, 5;
    %concat/vec4; draw_concat_vec4
    %store/vec4 v0000020adbb74aa0_0, 0, 32;
    %jmp T_33.11;
T_33.9 ;
    %load/vec4 v0000020adbb76800_0;
    %parti/s 1, 23, 6;
    %replicate 24;
    %load/vec4 v0000020adbb76800_0;
    %parti/s 8, 16, 6;
    %concat/vec4; draw_concat_vec4
    %store/vec4 v0000020adbb74aa0_0, 0, 32;
    %jmp T_33.11;
T_33.10 ;
    %load/vec4 v0000020adbb76800_0;
    %parti/s 1, 31, 6;
    %replicate 24;
    %load/vec4 v0000020adbb76800_0;
    %parti/s 8, 24, 6;
    %concat/vec4; draw_concat_vec4
    %store/vec4 v0000020adbb74aa0_0, 0, 32;
    %jmp T_33.11;
T_33.11 ;
    %pop/vec4 1;
    %jmp T_33.6;
T_33.2 ;
    %load/vec4 v0000020adbb73d80_0;
    %dup/vec4;
    %pushi/vec4 0, 0, 2;
    %cmp/u;
    %jmp/1 T_33.12, 6;
    %dup/vec4;
    %pushi/vec4 1, 0, 2;
    %cmp/u;
    %jmp/1 T_33.13, 6;
    %dup/vec4;
    %pushi/vec4 2, 0, 2;
    %cmp/u;
    %jmp/1 T_33.14, 6;
    %dup/vec4;
    %pushi/vec4 3, 0, 2;
    %cmp/u;
    %jmp/1 T_33.15, 6;
    %jmp T_33.16;
T_33.12 ;
    %pushi/vec4 0, 0, 24;
    %load/vec4 v0000020adbb76800_0;
    %parti/s 8, 0, 2;
    %concat/vec4; draw_concat_vec4
    %store/vec4 v0000020adbb74aa0_0, 0, 32;
    %jmp T_33.16;
T_33.13 ;
    %pushi/vec4 0, 0, 24;
    %load/vec4 v0000020adbb76800_0;
    %parti/s 8, 8, 5;
    %concat/vec4; draw_concat_vec4
    %store/vec4 v0000020adbb74aa0_0, 0, 32;
    %jmp T_33.16;
T_33.14 ;
    %pushi/vec4 0, 0, 24;
    %load/vec4 v0000020adbb76800_0;
    %parti/s 8, 16, 6;
    %concat/vec4; draw_concat_vec4
    %store/vec4 v0000020adbb74aa0_0, 0, 32;
    %jmp T_33.16;
T_33.15 ;
    %pushi/vec4 0, 0, 24;
    %load/vec4 v0000020adbb76800_0;
    %parti/s 8, 24, 6;
    %concat/vec4; draw_concat_vec4
    %store/vec4 v0000020adbb74aa0_0, 0, 32;
    %jmp T_33.16;
T_33.16 ;
    %pop/vec4 1;
    %jmp T_33.6;
T_33.3 ;
    %load/vec4 v0000020adbb73d80_0;
    %parti/s 1, 1, 2;
    %dup/vec4;
    %pushi/vec4 0, 0, 1;
    %cmp/u;
    %jmp/1 T_33.17, 6;
    %dup/vec4;
    %pushi/vec4 1, 0, 1;
    %cmp/u;
    %jmp/1 T_33.18, 6;
    %jmp T_33.19;
T_33.17 ;
    %load/vec4 v0000020adbb76800_0;
    %parti/s 1, 15, 5;
    %replicate 16;
    %load/vec4 v0000020adbb76800_0;
    %parti/s 16, 0, 2;
    %concat/vec4; draw_concat_vec4
    %store/vec4 v0000020adbb74aa0_0, 0, 32;
    %jmp T_33.19;
T_33.18 ;
    %load/vec4 v0000020adbb76800_0;
    %parti/s 1, 31, 6;
    %replicate 16;
    %load/vec4 v0000020adbb76800_0;
    %parti/s 16, 16, 6;
    %concat/vec4; draw_concat_vec4
    %store/vec4 v0000020adbb74aa0_0, 0, 32;
    %jmp T_33.19;
T_33.19 ;
    %pop/vec4 1;
    %jmp T_33.6;
T_33.4 ;
    %load/vec4 v0000020adbb73d80_0;
    %parti/s 1, 1, 2;
    %dup/vec4;
    %pushi/vec4 0, 0, 1;
    %cmp/u;
    %jmp/1 T_33.20, 6;
    %dup/vec4;
    %pushi/vec4 1, 0, 1;
    %cmp/u;
    %jmp/1 T_33.21, 6;
    %jmp T_33.22;
T_33.20 ;
    %pushi/vec4 0, 0, 16;
    %load/vec4 v0000020adbb76800_0;
    %parti/s 16, 0, 2;
    %concat/vec4; draw_concat_vec4
    %store/vec4 v0000020adbb74aa0_0, 0, 32;
    %jmp T_33.22;
T_33.21 ;
    %pushi/vec4 0, 0, 16;
    %load/vec4 v0000020adbb76800_0;
    %parti/s 16, 16, 6;
    %concat/vec4; draw_concat_vec4
    %store/vec4 v0000020adbb74aa0_0, 0, 32;
    %jmp T_33.22;
T_33.22 ;
    %pop/vec4 1;
    %jmp T_33.6;
T_33.6 ;
    %pop/vec4 1;
    %jmp T_33;
    .thread T_33, $push;
    .scope S_0000020adbb70d60;
T_34 ;
    %wait E_0000020adbaf8fc0;
    %load/vec4 v0000020adbb73b00_0;
    %flag_set/vec4 8;
    %jmp/0xz  T_34.0, 8;
    %load/vec4 v0000020adbb74c80_0;
    %dup/vec4;
    %pushi/vec4 2, 0, 3;
    %cmp/u;
    %jmp/1 T_34.2, 6;
    %dup/vec4;
    %pushi/vec4 0, 0, 3;
    %cmp/u;
    %jmp/1 T_34.3, 6;
    %dup/vec4;
    %pushi/vec4 1, 0, 3;
    %cmp/u;
    %jmp/1 T_34.4, 6;
    %jmp T_34.5;
T_34.2 ;
    %load/vec4 v0000020adbb73ce0_0;
    %load/vec4 v0000020adbb748c0_0;
    %parti/s 30, 2, 3;
    %ix/vec4 3;
    %ix/load 4, 0, 0; Constant delay
    %assign/vec4/a/d v0000020adbb74d20, 0, 4;
    %jmp T_34.5;
T_34.3 ;
    %load/vec4 v0000020adbb73d80_0;
    %dup/vec4;
    %pushi/vec4 0, 0, 2;
    %cmp/u;
    %jmp/1 T_34.6, 6;
    %dup/vec4;
    %pushi/vec4 1, 0, 2;
    %cmp/u;
    %jmp/1 T_34.7, 6;
    %dup/vec4;
    %pushi/vec4 2, 0, 2;
    %cmp/u;
    %jmp/1 T_34.8, 6;
    %dup/vec4;
    %pushi/vec4 3, 0, 2;
    %cmp/u;
    %jmp/1 T_34.9, 6;
    %jmp T_34.10;
T_34.6 ;
    %load/vec4 v0000020adbb73ce0_0;
    %parti/s 8, 0, 2;
    %load/vec4 v0000020adbb748c0_0;
    %parti/s 30, 2, 3;
    %ix/vec4 3;
    %ix/load 4, 0, 0; Constant delay
    %assign/vec4/a/d v0000020adbb74d20, 0, 4;
    %jmp T_34.10;
T_34.7 ;
    %load/vec4 v0000020adbb73ce0_0;
    %parti/s 8, 0, 2;
    %load/vec4 v0000020adbb748c0_0;
    %parti/s 30, 2, 3;
    %ix/vec4 3;
    %ix/load 4, 8, 0; part off
    %ix/load 5, 0, 0; Constant delay
    %assign/vec4/a/d v0000020adbb74d20, 4, 5;
    %jmp T_34.10;
T_34.8 ;
    %load/vec4 v0000020adbb73ce0_0;
    %parti/s 8, 0, 2;
    %load/vec4 v0000020adbb748c0_0;
    %parti/s 30, 2, 3;
    %ix/vec4 3;
    %ix/load 4, 16, 0; part off
    %ix/load 5, 0, 0; Constant delay
    %assign/vec4/a/d v0000020adbb74d20, 4, 5;
    %jmp T_34.10;
T_34.9 ;
    %load/vec4 v0000020adbb73ce0_0;
    %parti/s 8, 0, 2;
    %load/vec4 v0000020adbb748c0_0;
    %parti/s 30, 2, 3;
    %ix/vec4 3;
    %ix/load 4, 24, 0; part off
    %ix/load 5, 0, 0; Constant delay
    %assign/vec4/a/d v0000020adbb74d20, 4, 5;
    %jmp T_34.10;
T_34.10 ;
    %pop/vec4 1;
    %jmp T_34.5;
T_34.4 ;
    %load/vec4 v0000020adbb73d80_0;
    %parti/s 1, 1, 2;
    %dup/vec4;
    %pushi/vec4 0, 0, 1;
    %cmp/u;
    %jmp/1 T_34.11, 6;
    %dup/vec4;
    %pushi/vec4 1, 0, 1;
    %cmp/u;
    %jmp/1 T_34.12, 6;
    %jmp T_34.13;
T_34.11 ;
    %load/vec4 v0000020adbb73ce0_0;
    %parti/s 16, 0, 2;
    %load/vec4 v0000020adbb748c0_0;
    %parti/s 30, 2, 3;
    %ix/vec4 3;
    %ix/load 4, 0, 0; Constant delay
    %assign/vec4/a/d v0000020adbb74d20, 0, 4;
    %jmp T_34.13;
T_34.12 ;
    %load/vec4 v0000020adbb73ce0_0;
    %parti/s 16, 0, 2;
    %load/vec4 v0000020adbb748c0_0;
    %parti/s 30, 2, 3;
    %ix/vec4 3;
    %ix/load 4, 16, 0; part off
    %ix/load 5, 0, 0; Constant delay
    %assign/vec4/a/d v0000020adbb74d20, 4, 5;
    %jmp T_34.13;
T_34.13 ;
    %pop/vec4 1;
    %jmp T_34.5;
T_34.5 ;
    %pop/vec4 1;
T_34.0 ;
    %jmp T_34;
    .thread T_34;
    .scope S_0000020adbb06c60;
T_35 ;
    %delay 5, 0;
    %load/vec4 v0000020adbb7d420_0;
    %inv;
    %store/vec4 v0000020adbb7d420_0, 0, 1;
    %jmp T_35;
    .thread T_35;
    .scope S_0000020adbb06c60;
T_36 ;
    %pushi/vec4 0, 0, 1;
    %store/vec4 v0000020adbb7d420_0, 0, 1;
    %pushi/vec4 1, 0, 1;
    %store/vec4 v0000020adbb7cd40_0, 0, 1;
    %delay 20, 0;
    %pushi/vec4 0, 0, 1;
    %store/vec4 v0000020adbb7cd40_0, 0, 1;
    %delay 1000, 0;
    %vpi_call 19 18 "$finish" {0 0 0};
    %end;
    .thread T_36;
    .scope S_0000020adbb06c60;
T_37 ;
    %vpi_call 19 23 "$dumpfile", "execute.vcd" {0 0 0};
    %vpi_call 19 24 "$dumpvars" {0 0 0};
    %vpi_call 19 25 "$dumpvars", 32'sb00000000000000000000000000000000, &A<v0000020adbb7bea0, 0> {0 0 0};
    %vpi_call 19 26 "$dumpvars", 32'sb00000000000000000000000000000000, &A<v0000020adbb7bea0, 1> {0 0 0};
    %vpi_call 19 27 "$dumpvars", 32'sb00000000000000000000000000000000, &A<v0000020adbb7bea0, 2> {0 0 0};
    %vpi_call 19 28 "$dumpvars", 32'sb00000000000000000000000000000000, &A<v0000020adbb7bea0, 3> {0 0 0};
    %vpi_call 19 29 "$dumpvars", 32'sb00000000000000000000000000000000, &A<v0000020adbb7bea0, 4> {0 0 0};
    %vpi_call 19 30 "$dumpvars", 32'sb00000000000000000000000000000000, &A<v0000020adbb7bea0, 5> {0 0 0};
    %vpi_call 19 31 "$dumpvars", 32'sb00000000000000000000000000000000, &A<v0000020adbb7bea0, 6> {0 0 0};
    %vpi_call 19 32 "$dumpvars", 32'sb00000000000000000000000000000000, &A<v0000020adbb7bea0, 7> {0 0 0};
    %vpi_call 19 33 "$dumpvars", 32'sb00000000000000000000000000000000, &A<v0000020adbb7bea0, 8> {0 0 0};
    %vpi_call 19 34 "$dumpvars", 32'sb00000000000000000000000000000000, &A<v0000020adbb7bea0, 9> {0 0 0};
    %vpi_call 19 35 "$dumpvars", 32'sb00000000000000000000000000000000, &A<v0000020adbb7bea0, 10> {0 0 0};
    %vpi_call 19 36 "$dumpvars", 32'sb00000000000000000000000000000000, &A<v0000020adbb7bea0, 11> {0 0 0};
    %vpi_call 19 37 "$dumpvars", 32'sb00000000000000000000000000000000, &A<v0000020adbb7bea0, 12> {0 0 0};
    %vpi_call 19 38 "$dumpvars", 32'sb00000000000000000000000000000000, &A<v0000020adbb7bea0, 13> {0 0 0};
    %vpi_call 19 39 "$dumpvars", 32'sb00000000000000000000000000000000, &A<v0000020adbb7bea0, 14> {0 0 0};
    %vpi_call 19 40 "$dumpvars", 32'sb00000000000000000000000000000000, &A<v0000020adbb7bea0, 15> {0 0 0};
    %vpi_call 19 41 "$dumpvars", 32'sb00000000000000000000000000000000, &A<v0000020adbb7bea0, 16> {0 0 0};
    %vpi_call 19 42 "$dumpvars", 32'sb00000000000000000000000000000000, &A<v0000020adbb7bea0, 17> {0 0 0};
    %vpi_call 19 43 "$dumpvars", 32'sb00000000000000000000000000000000, &A<v0000020adbb7bea0, 18> {0 0 0};
    %vpi_call 19 44 "$dumpvars", 32'sb00000000000000000000000000000000, &A<v0000020adbb7bea0, 19> {0 0 0};
    %vpi_call 19 45 "$dumpvars", 32'sb00000000000000000000000000000000, &A<v0000020adbb7bea0, 20> {0 0 0};
    %vpi_call 19 46 "$dumpvars", 32'sb00000000000000000000000000000000, &A<v0000020adbb7bea0, 21> {0 0 0};
    %vpi_call 19 47 "$dumpvars", 32'sb00000000000000000000000000000000, &A<v0000020adbb7bea0, 22> {0 0 0};
    %vpi_call 19 48 "$dumpvars", 32'sb00000000000000000000000000000000, &A<v0000020adbb7bea0, 23> {0 0 0};
    %vpi_call 19 49 "$dumpvars", 32'sb00000000000000000000000000000000, &A<v0000020adbb7bea0, 24> {0 0 0};
    %vpi_call 19 50 "$dumpvars", 32'sb00000000000000000000000000000000, &A<v0000020adbb7bea0, 25> {0 0 0};
    %vpi_call 19 51 "$dumpvars", 32'sb00000000000000000000000000000000, &A<v0000020adbb7bea0, 26> {0 0 0};
    %vpi_call 19 52 "$dumpvars", 32'sb00000000000000000000000000000000, &A<v0000020adbb7bea0, 27> {0 0 0};
    %vpi_call 19 53 "$dumpvars", 32'sb00000000000000000000000000000000, &A<v0000020adbb7bea0, 28> {0 0 0};
    %vpi_call 19 54 "$dumpvars", 32'sb00000000000000000000000000000000, &A<v0000020adbb7bea0, 29> {0 0 0};
    %vpi_call 19 55 "$dumpvars", 32'sb00000000000000000000000000000000, &A<v0000020adbb7bea0, 30> {0 0 0};
    %vpi_call 19 56 "$dumpvars", 32'sb00000000000000000000000000000000, &A<v0000020adbb7bea0, 31> {0 0 0};
    %end;
    .thread T_37;
# The file index is used to find the file name in the following table.
:file_names 20;
    "N/A";
    "<interactive>";
    "seven_seg.v";
    "top_module.v";
    "controlpath.v";
    "ALU_Decoder.v";
    "Main_Decoder.v";
    "data_memory.v";
    "datapath.v";
    "ALU_Mux.v";
    "ALU.v";
    "PC_Plus_4.v";
    "PC_Target.v";
    "PC_Mux.v";
    "PC_Reg.v";
    "register_file.v";
    "Result_Mux.v";
    "Sign_Extender.v";
    "instruction_memory.v";
    "top_tb.v";
